Workbook

Sheet احتساب متوسط سبتمبر
A1: ABOHASHEM FOR MEAT — متوسط التكلفة المرجّح للخامات آخر سبتمبر 2026 وتقييم جرد 30/9
A2: المتوسط = (كمية جرد 31/8 × متوسط أغسطس + قيمة مشتريات سبتمبر) ÷ (كمية جرد 31/8 + كمية مشتريات سبتمبر). عمود «السعر المُدخل بالملف» هو ما وُضع فى «تسعير جرد اخر شهر ٩».
A4: اسم الصنف | B4: كمية أول المدة (جرد 31/8) | C4: سعر أول المدة (متوسط أغسطس) | D4: قيمة أول المدة | E4: كمية مشتريات سبتمبر | F4: قيمة مشتريات سبتمبر | G4: إجمالى الكمية المتاحة | H4: إجمالى القيمة المتاحة | I4: متوسط السعر (WAC) 30/9 | J4: السعر المُدخل بالملف | K4: كمية جرد 30/9 | L4: قيمة مخزون 30/9 | M4: التغير عن أغسطس % | N4: الحالة / ملاحظة
A5: بصل | B5: 500 | C5: 13.7773 | D5: =IF(C5="","",B5*C5) | E5: =SUMIF('مشتريات سبتمبر التفصيلية'!$I$4:$I$92,A5,'مشتريات سبتمبر التفصيلية'!$F$4:$F$92) | F5: =SUMIF('مشتريات سبتمبر التفصيلية'!$I$4:$I$92,A5,'مشتريات سبتمبر التفصيلية'!$H$4:$H$92) | G5: =IF(C5="",E5,B5+E5) | H5: =N(D5)+F5 | I5: =IF(G5>0,ROUND(H5/G5,4),IF(C5="","",C5)) | J5: 18.7559 | K5: 1969 | L5: =IF(J5="","",K5*J5) | M5: =IF(OR(C5="",I5=""),"",I5/C5-1) | N5: قياسى: (أول المدة + المشتريات)
A6: ثوم | B6: 1249.55 | C6: 25.0724 | D6: =IF(C6="","",B6*C6) | E6: =SUMIF('مشتريات سبتمبر التفصيلية'!$I$4:$I$92,A6,'مشتريات سبتمبر التفصيلية'!$F$4:$F$92) | F6: =SUMIF('مشتريات سبتمبر التفصيلية'!$I$4:$I$92,A6,'مشتريات سبتمبر التفصيلية'!$H$4:$H$92) | G6: =IF(C6="",E6,B6+E6) | H6: =N(D6)+F6 | I6: =IF(G6>0,ROUND(H6/G6,4),IF(C6="","",C6)) | J6: 25.0724 | K6: 953 | L6: =IF(J6="","",K6*J6) | M6: =IF(OR(C6="",I6=""),"",I6/C6-1) | N6: لا مشتريات فى سبتمبر ⇒ سعر أغسطس ثابت
A7: فلفل بارد | B7: 320 | C7: 9.1171 | D7: =IF(C7="","",B7*C7) | E7: =SUMIF('مشتريات سبتمبر التفصيلية'!$I$4:$I$92,A7,'مشتريات سبتمبر التفصيلية'!$F$4:$F$92) | F7: =SUMIF('مشتريات سبتمبر التفصيلية'!$I$4:$I$92,A7,'مشتريات سبتمبر التفصيلية'!$H$4:$H$92) | G7: =IF(C7="",E7,B7+E7) | H7: =N(D7)+F7 | I7: =IF(G7>0,ROUND(H7/G7,4),IF(C7="","",C7)) | J7: 10.4234 | K7: 445 | L7: =IF(J7="","",K7*J7) | M7: =IF(OR(C7="",I7=""),"",I7/C7-1) | N7: قياسى: (أول المدة + المشتريات)
A8: مفروم فراخ شعبي | B8: 2120 | C8: 28.386 | D8: =IF(C8="","",B8*C8) | E8: =SUMIF('مشتريات سبتمبر التفصيلية'!$I$4:$I$92,A8,'مشتريات سبتمبر التفصيلية'!$F$4:$F$92) | F8: =SUMIF('مشتريات سبتمبر التفصيلية'!$I$4:$I$92,A8,'مشتريات سبتمبر التفصيلية'!$H$4:$H$92) | G8: =IF(C8="",E8,B8+E8) | H8: =N(D8)+F8 | I8: =IF(G8>0,ROUND(H8/G8,4),IF(C8="","",C8)) | J8: 30 | K8: 860 | L8: =IF(J8="","",K8*J8) | M8: =IF(OR(C8="",I8=""),"",I8/C8-1) | N8: ⚠ لم يُغيَّر السعر — بيانات شراء متعارضة; فاتورة 1111115217 (09/09): «مفروم فراخ C» 1,500 كجم بسعر 57 بينما نطاق الرتبة C 30–35، وفى نفس الفاتورة «مفروم فراخ A» بسعر 30 بينما نطاق A 55–60 — السعران يبدوان معكوسين
A9: صميد | B9: 1241 | C9: 16.1708 | D9: =IF(C9="","",B9*C9) | E9: =SUMIF('مشتريات سبتمبر التفصيلية'!$I$4:$I$92,A9,'مشتريات سبتمبر التفصيلية'!$F$4:$F$92) | F9: =SUMIF('مشتريات سبتمبر التفصيلية'!$I$4:$I$92,A9,'مشتريات سبتمبر التفصيلية'!$H$4:$H$92) | G9: =IF(C9="",E9,B9+E9) | H9: =N(D9)+F9 | I9: =IF(G9>0,ROUND(H9/G9,4),IF(C9="","",C9)) | J9: 16.6485 | K9: 1650 | L9: =IF(J9="","",K9*J9) | M9: =IF(OR(C9="",I9=""),"",I9/C9-1) | N9: قياسى: (أول المدة + المشتريات)
A10: صويا لحمه | B10: 777 | C10: 36.8234 | D10: =IF(C10="","",B10*C10) | E10: =SUMIF('مشتريات سبتمبر التفصيلية'!$I$4:$I$92,A10,'مشتريات سبتمبر التفصيلية'!$F$4:$F$92) | F10: =SUMIF('مشتريات سبتمبر التفصيلية'!$I$4:$I$92,A10,'مشتريات سبتمبر التفصيلية'!$H$4:$H$92) | G10: =IF(C10="",E10,B10+E10) | H10: =N(D10)+F10 | I10: =IF(G10>0,ROUND(H10/G10,4),IF(C10="","",C10)) | J10: 38.2273 | K10: 270 | L10: =IF(J10="","",K10*J10) | M10: =IF(OR(C10="",I10=""),"",I10/C10-1) | N10: قياسى: (أول المدة + المشتريات)
A11: صويا اوزيليت | B11: 151.5 | C11: 168.445 | D11: =IF(C11="","",B11*C11) | E11: =SUMIF('مشتريات سبتمبر التفصيلية'!$I$4:$I$92,A11,'مشتريات سبتمبر التفصيلية'!$F$4:$F$92) | F11: =SUMIF('مشتريات سبتمبر التفصيلية'!$I$4:$I$92,A11,'مشتريات سبتمبر التفصيلية'!$H$4:$H$92) | G11: =IF(C11="",E11,B11+E11) | H11: =N(D11)+F11 | I11: =IF(G11>0,ROUND(H11/G11,4),IF(C11="","",C11)) | J11: 166.2683 | K11: 264 | L11: =IF(J11="","",K11*J11) | M11: =IF(OR(C11="",I11=""),"",I11/C11-1) | N11: قياسى: (أول المدة + المشتريات)
A12: مفروم فراخ فاخر | B12: 415 | C12: 55.082 | D12: =IF(C12="","",B12*C12) | E12: =SUMIF('مشتريات سبتمبر التفصيلية'!$I$4:$I$92,A12,'مشتريات سبتمبر التفصيلية'!$F$4:$F$92) | F12: =SUMIF('مشتريات سبتمبر التفصيلية'!$I$4:$I$92,A12,'مشتريات سبتمبر التفصيلية'!$H$4:$H$92) | G12: =IF(C12="",E12,B12+E12) | H12: =N(D12)+F12 | I12: =IF(G12>0,ROUND(H12/G12,4),IF(C12="","",C12)) | J12: 60 | K12: 370 | L12: =IF(J12="","",K12*J12) | M12: =IF(OR(C12="",I12=""),"",I12/C12-1) | N12: ⚠ لم يُغيَّر السعر — بيانات شراء متعارضة; فاتورة 1111115217 (09/09): «مفروم فراخ A» 450 كجم بسعر 30 بينما نطاق الرتبة A 55–60، وفى نفس الفاتورة «مفروم فراخ C» بسعر 57 — السعران يبدوان معكوسين
A13: دهن بلدي | B13: 1754.85 | C13: 53.8106 | D13: =IF(C13="","",B13*C13) | E13: =SUMIF('مشتريات سبتمبر التفصيلية'!$I$4:$I$92,A13,'مشتريات سبتمبر التفصيلية'!$F$4:$F$92) | F13: =SUMIF('مشتريات سبتمبر التفصيلية'!$I$4:$I$92,A13,'مشتريات سبتمبر التفصيلية'!$H$4:$H$92) | G13: =IF(C13="",E13,B13+E13) | H13: =N(D13)+F13 | I13: =IF(G13>0,ROUND(H13/G13,4),IF(C13="","",C13)) | J13: 62.4178 | K13: 391.5 | L13: =IF(J13="","",K13*J13) | M13: =IF(OR(C13="",I13=""),"",I13/C13-1) | N13: قياسى: (أول المدة + المشتريات)
A14: لحم كتف | B14: 40 | C14: 253.0246 | D14: =IF(C14="","",B14*C14) | E14: =SUMIF('مشتريات سبتمبر التفصيلية'!$I$4:$I$92,A14,'مشتريات سبتمبر التفصيلية'!$F$4:$F$92) | F14: =SUMIF('مشتريات سبتمبر التفصيلية'!$I$4:$I$92,A14,'مشتريات سبتمبر التفصيلية'!$H$4:$H$92) | G14: =IF(C14="",E14,B14+E14) | H14: =N(D14)+F14 | I14: =I174 | J14: 260.2402 | K14: 40 | L14: =IF(J14="","",K14*J14) | M14: =IF(OR(C14="",I14=""),"",I14/C14-1) | N14: متوسط مجمّع اللحوم الهندى
A15: لحم رقبه | B15: 60 | C15: 253.0246 | D15: =IF(C15="","",B15*C15) | E15: =SUMIF('مشتريات سبتمبر التفصيلية'!$I$4:$I$92,A15,'مشتريات سبتمبر التفصيلية'!$F$4:$F$92) | F15: =SUMIF('مشتريات سبتمبر التفصيلية'!$I$4:$I$92,A15,'مشتريات سبتمبر التفصيلية'!$H$4:$H$92) | G15: =IF(C15="",E15,B15+E15) | H15: =N(D15)+F15 | I15: =I174 | J15: 260.2402 | K15: 20 | L15: =IF(J15="","",K15*J15) | M15: =IF(OR(C15="",I15=""),"",I15/C15-1) | N15: متوسط مجمّع اللحوم الهندى
A16: لحم سن | B16: 20 | C16: 253.0246 | D16: =IF(C16="","",B16*C16) | E16: =SUMIF('مشتريات سبتمبر التفصيلية'!$I$4:$I$92,A16,'مشتريات سبتمبر التفصيلية'!$F$4:$F$92) | F16: =SUMIF('مشتريات سبتمبر التفصيلية'!$I$4:$I$92,A16,'مشتريات سبتمبر التفصيلية'!$H$4:$H$92) | G16: =IF(C16="",E16,B16+E16) | H16: =N(D16)+F16 | I16: =I174 | J16: 260.2402 | K16: 20 | L16: =IF(J16="","",K16*J16) | M16: =IF(OR(C16="",I16=""),"",I16/C16-1) | N16: متوسط مجمّع اللحوم الهندى
A17: لحمه ارباع | B17: 25 | C17: 253.0246 | D17: =IF(C17="","",B17*C17) | E17: =SUMIF('مشتريات سبتمبر التفصيلية'!$I$4:$I$92,A17,'مشتريات سبتمبر التفصيلية'!$F$4:$F$92) | F17: =SUMIF('مشتريات سبتمبر التفصيلية'!$I$4:$I$92,A17,'مشتريات سبتمبر التفصيلية'!$H$4:$H$92) | G17: =IF(C17="",E17,B17+E17) | H17: =N(D17)+F17 | I17: =I174 | J17: 260.2402 | K17: 40 | L17: =IF(J17="","",K17*J17) | M17: =IF(OR(C17="",I17=""),"",I17/C17-1) | N17: متوسط مجمّع اللحوم الهندى
A18: سمانة هندي | B18: 0 | D18: =IF(C18="","",B18*C18) | E18: =SUMIF('مشتريات سبتمبر التفصيلية'!$I$4:$I$92,A18,'مشتريات سبتمبر التفصيلية'!$F$4:$F$92) | F18: =SUMIF('مشتريات سبتمبر التفصيلية'!$I$4:$I$92,A18,'مشتريات سبتمبر التفصيلية'!$H$4:$H$92) | G18: =IF(C18="",E18,B18+E18) | H18: =N(D18)+F18 | I18: =IF(G18>0,ROUND(H18/G18,4),IF(C18="","",C18)) | K18: 0 | L18: =IF(J18="","",K18*J18) | M18: =IF(OR(C18="",I18=""),"",I18/C18-1) | N18: بلا سعر — لا سعر أغسطس ولا مشتريات سبتمبر
A19: فلانك | B19: 110 | C19: 198.3869 | D19: =IF(C19="","",B19*C19) | E19: =SUMIF('مشتريات سبتمبر التفصيلية'!$I$4:$I$92,A19,'مشتريات سبتمبر التفصيلية'!$F$4:$F$92) | F19: =SUMIF('مشتريات سبتمبر التفصيلية'!$I$4:$I$92,A19,'مشتريات سبتمبر التفصيلية'!$H$4:$H$92) | G19: =IF(C19="",E19,B19+E19) | H19: =N(D19)+F19 | I19: =IF(G19>0,ROUND(H19/G19,4),IF(C19="","",C19)) | J19: 209.7882 | K19: 160 | L19: =IF(J19="","",K19*J19) | M19: =IF(OR(C19="",I19=""),"",I19/C19-1) | N19: قياسى: (أول المدة + المشتريات)
A20: برغل | B20: 3325 | C20: 21.2509 | D20: =IF(C20="","",B20*C20) | E20: =SUMIF('مشتريات سبتمبر التفصيلية'!$I$4:$I$92,A20,'مشتريات سبتمبر التفصيلية'!$F$4:$F$92) | F20: =SUMIF('مشتريات سبتمبر التفصيلية'!$I$4:$I$92,A20,'مشتريات سبتمبر التفصيلية'!$H$4:$H$92) | G20: =IF(C20="",E20,B20+E20) | H20: =N(D20)+F20 | I20: =IF(G20>0,ROUND(H20/G20,4),IF(C20="","",C20)) | J20: 21.3445 | K20: 2545 | L20: =IF(J20="","",K20*J20) | M20: =IF(OR(C20="",I20=""),"",I20/C20-1) | N20: قياسى: (أول المدة + المشتريات)
A21: صويا فراخ | B21: 180 | C21: 46.8182 | D21: =IF(C21="","",B21*C21) | E21: =SUMIF('مشتريات سبتمبر التفصيلية'!$I$4:$I$92,A21,'مشتريات سبتمبر التفصيلية'!$F$4:$F$92) | F21: =SUMIF('مشتريات سبتمبر التفصيلية'!$I$4:$I$92,A21,'مشتريات سبتمبر التفصيلية'!$H$4:$H$92) | G21: =IF(C21="",E21,B21+E21) | H21: =N(D21)+F21 | I21: =IF(G21>0,ROUND(H21/G21,4),IF(C21="","",C21)) | J21: 46.8182 | K21: 90 | L21: =IF(J21="","",K21*J21) | M21: =IF(OR(C21="",I21=""),"",I21/C21-1) | N21: لا مشتريات فى سبتمبر ⇒ سعر أغسطس ثابت
A22: كبده | B22: 63.304 | C22: 164.7217 | D22: =IF(C22="","",B22*C22) | E22: =SUMIF('مشتريات سبتمبر التفصيلية'!$I$4:$I$92,A22,'مشتريات سبتمبر التفصيلية'!$F$4:$F$92) | F22: =SUMIF('مشتريات سبتمبر التفصيلية'!$I$4:$I$92,A22,'مشتريات سبتمبر التفصيلية'!$H$4:$H$92) | G22: =IF(C22="",E22,B22+E22) | H22: =N(D22)+F22 | I22: =IF(G22>0,ROUND(H22/G22,4),IF(C22="","",C22)) | J22: 168.6305 | K22: 59.104 | L22: =IF(J22="","",K22*J22) | M22: =IF(OR(C22="",I22=""),"",I22/C22-1) | N22: قياسى: (أول المدة + المشتريات)
A23: جلد | B23: 359 | C23: 28.8872 | D23: =IF(C23="","",B23*C23) | E23: =SUMIF('مشتريات سبتمبر التفصيلية'!$I$4:$I$92,A23,'مشتريات سبتمبر التفصيلية'!$F$4:$F$92) | F23: =SUMIF('مشتريات سبتمبر التفصيلية'!$I$4:$I$92,A23,'مشتريات سبتمبر التفصيلية'!$H$4:$H$92) | G23: =IF(C23="",E23,B23+E23) | H23: =N(D23)+F23 | I23: =IF(G23>0,ROUND(H23/G23,4),IF(C23="","",C23)) | J23: 28.231 | K23: 603 | L23: =IF(J23="","",K23*J23) | M23: =IF(OR(C23="",I23=""),"",I23/C23-1) | N23: قياسى: (أول المدة + المشتريات)
A24: هانك | B24: 118 | C24: 248.9842 | D24: =IF(C24="","",B24*C24) | E24: =SUMIF('مشتريات سبتمبر التفصيلية'!$I$4:$I$92,A24,'مشتريات سبتمبر التفصيلية'!$F$4:$F$92) | F24: =SUMIF('مشتريات سبتمبر التفصيلية'!$I$4:$I$92,A24,'مشتريات سبتمبر التفصيلية'!$H$4:$H$92) | G24: =IF(C24="",E24,B24+E24) | H24: =N(D24)+F24 | I24: =IF(G24>0,ROUND(H24/G24,4),IF(C24="","",C24)) | J24: 249.8793 | K24: 214 | L24: =IF(J24="","",K24*J24) | M24: =IF(OR(C24="",I24=""),"",I24/C24-1) | N24: قياسى: (أول المدة + المشتريات)
A25: دوبريه | B25: 470 | C25: 95.2993 | D25: =IF(C25="","",B25*C25) | E25: =SUMIF('مشتريات سبتمبر التفصيلية'!$I$4:$I$92,A25,'مشتريات سبتمبر التفصيلية'!$F$4:$F$92) | F25: =SUMIF('مشتريات سبتمبر التفصيلية'!$I$4:$I$92,A25,'مشتريات سبتمبر التفصيلية'!$H$4:$H$92) | G25: =IF(C25="",E25,B25+E25) | H25: =N(D25)+F25 | I25: =IF(G25>0,ROUND(H25/G25,4),IF(C25="","",C25)) | J25: 93.0374 | K25: 85 | L25: =IF(J25="","",K25*J25) | M25: =IF(OR(C25="",I25=""),"",I25/C25-1) | N25: قياسى: (أول المدة + المشتريات)
A26: فلفل رومي حامي | B26: 15.7 | C26: 14.6228 | D26: =IF(C26="","",B26*C26) | E26: =SUMIF('مشتريات سبتمبر التفصيلية'!$I$4:$I$92,A26,'مشتريات سبتمبر التفصيلية'!$F$4:$F$92) | F26: =SUMIF('مشتريات سبتمبر التفصيلية'!$I$4:$I$92,A26,'مشتريات سبتمبر التفصيلية'!$H$4:$H$92) | G26: =IF(C26="",E26,B26+E26) | H26: =N(D26)+F26 | I26: =IF(G26>0,ROUND(H26/G26,4),IF(C26="","",C26)) | J26: 11.1014 | K26: 156 | L26: =IF(J26="","",K26*J26) | M26: =IF(OR(C26="",I26=""),"",I26/C26-1) | N26: قياسى: (أول المدة + المشتريات)
A27: فيليه | B27: 0 | C27: 195 | D27: =IF(C27="","",B27*C27) | E27: =SUMIF('مشتريات سبتمبر التفصيلية'!$I$4:$I$92,A27,'مشتريات سبتمبر التفصيلية'!$F$4:$F$92) | F27: =SUMIF('مشتريات سبتمبر التفصيلية'!$I$4:$I$92,A27,'مشتريات سبتمبر التفصيلية'!$H$4:$H$92) | G27: =IF(C27="",E27,B27+E27) | H27: =N(D27)+F27 | I27: =IF(G27>0,ROUND(H27/G27,4),IF(C27="","",C27)) | J27: 195 | K27: 0 | L27: =IF(J27="","",K27*J27) | M27: =IF(OR(C27="",I27=""),"",I27/C27-1) | N27: لا مشتريات فى سبتمبر ⇒ سعر أغسطس ثابت
A28: بقسماط اصفر | B28: 0 | C28: 38.5 | D28: =IF(C28="","",B28*C28) | E28: =SUMIF('مشتريات سبتمبر التفصيلية'!$I$4:$I$92,A28,'مشتريات سبتمبر التفصيلية'!$F$4:$F$92) | F28: =SUMIF('مشتريات سبتمبر التفصيلية'!$I$4:$I$92,A28,'مشتريات سبتمبر التفصيلية'!$H$4:$H$92) | G28: =IF(C28="",E28,B28+E28) | H28: =N(D28)+F28 | I28: =IF(G28>0,ROUND(H28/G28,4),IF(C28="","",C28)) | J28: 39.5 | K28: 0 | L28: =IF(J28="","",K28*J28) | M28: =IF(OR(C28="",I28=""),"",I28/C28-1) | N28: قياسى: (أول المدة + المشتريات)
A29: بقسماط ابيض | B29: 0 | D29: =IF(C29="","",B29*C29) | E29: =SUMIF('مشتريات سبتمبر التفصيلية'!$I$4:$I$92,A29,'مشتريات سبتمبر التفصيلية'!$F$4:$F$92) | F29: =SUMIF('مشتريات سبتمبر التفصيلية'!$I$4:$I$92,A29,'مشتريات سبتمبر التفصيلية'!$H$4:$H$92) | G29: =IF(C29="",E29,B29+E29) | H29: =N(D29)+F29 | I29: =IF(G29>0,ROUND(H29/G29,4),IF(C29="","",C29)) | K29: 0 | L29: =IF(J29="","",K29*J29) | M29: =IF(OR(C29="",I29=""),"",I29/C29-1) | N29: بلا سعر — لا سعر أغسطس ولا مشتريات سبتمبر
A30: بطاطس | B30: 0 | D30: =IF(C30="","",B30*C30) | E30: =SUMIF('مشتريات سبتمبر التفصيلية'!$I$4:$I$92,A30,'مشتريات سبتمبر التفصيلية'!$F$4:$F$92) | F30: =SUMIF('مشتريات سبتمبر التفصيلية'!$I$4:$I$92,A30,'مشتريات سبتمبر التفصيلية'!$H$4:$H$92) | G30: =IF(C30="",E30,B30+E30) | H30: =N(D30)+F30 | I30: =IF(G30>0,ROUND(H30/G30,4),IF(C30="","",C30)) | K30: 0 | L30: =IF(J30="","",K30*J30) | M30: =IF(OR(C30="",I30=""),"",I30/C30-1) | N30: بلا سعر — لا سعر أغسطس ولا مشتريات سبتمبر
A31: دوبرية بسطرمة (لحمة) | B31: 0 | C31: 185 | D31: =IF(C31="","",B31*C31) | E31: =SUMIF('مشتريات سبتمبر التفصيلية'!$I$4:$I$92,A31,'مشتريات سبتمبر التفصيلية'!$F$4:$F$92) | F31: =SUMIF('مشتريات سبتمبر التفصيلية'!$I$4:$I$92,A31,'مشتريات سبتمبر التفصيلية'!$H$4:$H$92) | G31: =IF(C31="",E31,B31+E31) | H31: =N(D31)+F31 | I31: =IF(G31>0,ROUND(H31/G31,4),IF(C31="","",C31)) | J31: 185 | K31: 0 | L31: =IF(J31="","",K31*J31) | M31: =IF(OR(C31="",I31=""),"",I31/C31-1) | N31: لا مشتريات فى سبتمبر ⇒ سعر أغسطس ثابت
A32: قلب برازيلي | B32: 0 | C32: 245 | D32: =IF(C32="","",B32*C32) | E32: =SUMIF('مشتريات سبتمبر التفصيلية'!$I$4:$I$92,A32,'مشتريات سبتمبر التفصيلية'!$F$4:$F$92) | F32: =SUMIF('مشتريات سبتمبر التفصيلية'!$I$4:$I$92,A32,'مشتريات سبتمبر التفصيلية'!$H$4:$H$92) | G32: =IF(C32="",E32,B32+E32) | H32: =N(D32)+F32 | I32: =IF(G32>0,ROUND(H32/G32,4),IF(C32="","",C32)) | J32: 245 | K32: 0 | L32: =IF(J32="","",K32*J32) | M32: =IF(OR(C32="",I32=""),"",I32/C32-1) | N32: لا مشتريات فى سبتمبر ⇒ سعر أغسطس ثابت
A33: بوش | B33: 0 | C33: 110 | D33: =IF(C33="","",B33*C33) | E33: =SUMIF('مشتريات سبتمبر التفصيلية'!$I$4:$I$92,A33,'مشتريات سبتمبر التفصيلية'!$F$4:$F$92) | F33: =SUMIF('مشتريات سبتمبر التفصيلية'!$I$4:$I$92,A33,'مشتريات سبتمبر التفصيلية'!$H$4:$H$92) | G33: =IF(C33="",E33,B33+E33) | H33: =N(D33)+F33 | I33: =IF(G33>0,ROUND(H33/G33,4),IF(C33="","",C33)) | J33: 110 | K33: 0 | L33: =IF(J33="","",K33*J33) | M33: =IF(OR(C33="",I33=""),"",I33/C33-1) | N33: لا مشتريات فى سبتمبر ⇒ سعر أغسطس ثابت
A34: شعريه | B34: 0 | D34: =IF(C34="","",B34*C34) | E34: =SUMIF('مشتريات سبتمبر التفصيلية'!$I$4:$I$92,A34,'مشتريات سبتمبر التفصيلية'!$F$4:$F$92) | F34: =SUMIF('مشتريات سبتمبر التفصيلية'!$I$4:$I$92,A34,'مشتريات سبتمبر التفصيلية'!$H$4:$H$92) | G34: =IF(C34="",E34,B34+E34) | H34: =N(D34)+F34 | I34: =IF(G34>0,ROUND(H34/G34,4),IF(C34="","",C34)) | K34: 0 | L34: =IF(J34="","",K34*J34) | M34: =IF(OR(C34="",I34=""),"",I34/C34-1) | N34: بلا سعر — لا سعر أغسطس ولا مشتريات سبتمبر
A35: دقيق | B35: 0 | C35: 17.5 | D35: =IF(C35="","",B35*C35) | E35: =SUMIF('مشتريات سبتمبر التفصيلية'!$I$4:$I$92,A35,'مشتريات سبتمبر التفصيلية'!$F$4:$F$92) | F35: =SUMIF('مشتريات سبتمبر التفصيلية'!$I$4:$I$92,A35,'مشتريات سبتمبر التفصيلية'!$H$4:$H$92) | G35: =IF(C35="",E35,B35+E35) | H35: =N(D35)+F35 | I35: =IF(G35>0,ROUND(H35/G35,4),IF(C35="","",C35)) | J35: 20 | K35: 0 | L35: =IF(J35="","",K35*J35) | M35: =IF(OR(C35="",I35=""),"",I35/C35-1) | N35: قياسى: (أول المدة + المشتريات)
A36: نشا | B36: 400 | C36: 26.974 | D36: =IF(C36="","",B36*C36) | E36: =SUMIF('مشتريات سبتمبر التفصيلية'!$I$4:$I$92,A36,'مشتريات سبتمبر التفصيلية'!$F$4:$F$92) | F36: =SUMIF('مشتريات سبتمبر التفصيلية'!$I$4:$I$92,A36,'مشتريات سبتمبر التفصيلية'!$H$4:$H$92) | G36: =IF(C36="",E36,B36+E36) | H36: =N(D36)+F36 | I36: =IF(G36>0,ROUND(H36/G36,4),IF(C36="","",C36)) | J36: 28.3958 | K36: 53.5 | L36: =IF(J36="","",K36*J36) | M36: =IF(OR(C36="",I36=""),"",I36/C36-1) | N36: قياسى: (أول المدة + المشتريات)
A37: فلفل اسود | B37: 36.38 | C37: 336.2615 | D37: =IF(C37="","",B37*C37) | E37: =SUMIF('مشتريات سبتمبر التفصيلية'!$I$4:$I$92,A37,'مشتريات سبتمبر التفصيلية'!$F$4:$F$92) | F37: =SUMIF('مشتريات سبتمبر التفصيلية'!$I$4:$I$92,A37,'مشتريات سبتمبر التفصيلية'!$H$4:$H$92) | G37: =IF(C37="",E37,B37+E37) | H37: =N(D37)+F37 | I37: =IF(G37>0,ROUND(H37/G37,4),IF(C37="","",C37)) | J37: 337.9511 | K37: 12.5 | L37: =IF(J37="","",K37*J37) | M37: =IF(OR(C37="",I37=""),"",I37/C37-1) | N37: قياسى: (أول المدة + المشتريات)
A38: قرنفل | B38: 5.1 | C38: 510.4691 | D38: =IF(C38="","",B38*C38) | E38: =SUMIF('مشتريات سبتمبر التفصيلية'!$I$4:$I$92,A38,'مشتريات سبتمبر التفصيلية'!$F$4:$F$92) | F38: =SUMIF('مشتريات سبتمبر التفصيلية'!$I$4:$I$92,A38,'مشتريات سبتمبر التفصيلية'!$H$4:$H$92) | G38: =IF(C38="",E38,B38+E38) | H38: =N(D38)+F38 | I38: =IF(G38>0,ROUND(H38/G38,4),IF(C38="","",C38)) | J38: 510.1584 | K38: 8.1 | L38: =IF(J38="","",K38*J38) | M38: =IF(OR(C38="",I38=""),"",I38/C38-1) | N38: قياسى: (أول المدة + المشتريات)
A39: كمون | B39: 14.9 | C39: 251.5284 | D39: =IF(C39="","",B39*C39) | E39: =SUMIF('مشتريات سبتمبر التفصيلية'!$I$4:$I$92,A39,'مشتريات سبتمبر التفصيلية'!$F$4:$F$92) | F39: =SUMIF('مشتريات سبتمبر التفصيلية'!$I$4:$I$92,A39,'مشتريات سبتمبر التفصيلية'!$H$4:$H$92) | G39: =IF(C39="",E39,B39+E39) | H39: =N(D39)+F39 | I39: =IF(G39>0,ROUND(H39/G39,4),IF(C39="","",C39)) | J39: 251.5284 | K39: 11.15 | L39: =IF(J39="","",K39*J39) | M39: =IF(OR(C39="",I39=""),"",I39/C39-1) | N39: لا مشتريات فى سبتمبر ⇒ سعر أغسطس ثابت
A40: كرفس | B40: 0 | C40: 140 | D40: =IF(C40="","",B40*C40) | E40: =SUMIF('مشتريات سبتمبر التفصيلية'!$I$4:$I$92,A40,'مشتريات سبتمبر التفصيلية'!$F$4:$F$92) | F40: =SUMIF('مشتريات سبتمبر التفصيلية'!$I$4:$I$92,A40,'مشتريات سبتمبر التفصيلية'!$H$4:$H$92) | G40: =IF(C40="",E40,B40+E40) | H40: =N(D40)+F40 | I40: =IF(G40>0,ROUND(H40/G40,4),IF(C40="","",C40)) | J40: 140 | K40: 0 | L40: =IF(J40="","",K40*J40) | M40: =IF(OR(C40="",I40=""),"",I40/C40-1) | N40: لا مشتريات فى سبتمبر ⇒ سعر أغسطس ثابت
A41: كبابه | B41: 10.6 | C41: 529.0464 | D41: =IF(C41="","",B41*C41) | E41: =SUMIF('مشتريات سبتمبر التفصيلية'!$I$4:$I$92,A41,'مشتريات سبتمبر التفصيلية'!$F$4:$F$92) | F41: =SUMIF('مشتريات سبتمبر التفصيلية'!$I$4:$I$92,A41,'مشتريات سبتمبر التفصيلية'!$H$4:$H$92) | G41: =IF(C41="",E41,B41+E41) | H41: =N(D41)+F41 | I41: =IF(G41>0,ROUND(H41/G41,4),IF(C41="","",C41)) | J41: 529.0464 | K41: 9.7 | L41: =IF(J41="","",K41*J41) | M41: =IF(OR(C41="",I41=""),"",I41/C41-1) | N41: لا مشتريات فى سبتمبر ⇒ سعر أغسطس ثابت
A42: بقدونس | B42: 10 | C42: 110 | D42: =IF(C42="","",B42*C42) | E42: =SUMIF('مشتريات سبتمبر التفصيلية'!$I$4:$I$92,A42,'مشتريات سبتمبر التفصيلية'!$F$4:$F$92) | F42: =SUMIF('مشتريات سبتمبر التفصيلية'!$I$4:$I$92,A42,'مشتريات سبتمبر التفصيلية'!$H$4:$H$92) | G42: =IF(C42="",E42,B42+E42) | H42: =N(D42)+F42 | I42: =IF(G42>0,ROUND(H42/G42,4),IF(C42="","",C42)) | J42: 110 | K42: 0 | L42: =IF(J42="","",K42*J42) | M42: =IF(OR(C42="",I42=""),"",I42/C42-1) | N42: لا مشتريات فى سبتمبر ⇒ سعر أغسطس ثابت
A43: لورا | B43: 12.5 | C43: 140.0911 | D43: =IF(C43="","",B43*C43) | E43: =SUMIF('مشتريات سبتمبر التفصيلية'!$I$4:$I$92,A43,'مشتريات سبتمبر التفصيلية'!$F$4:$F$92) | F43: =SUMIF('مشتريات سبتمبر التفصيلية'!$I$4:$I$92,A43,'مشتريات سبتمبر التفصيلية'!$H$4:$H$92) | G43: =IF(C43="",E43,B43+E43) | H43: =N(D43)+F43 | I43: =IF(G43>0,ROUND(H43/G43,4),IF(C43="","",C43)) | J43: 140.0506 | K43: 8.6 | L43: =IF(J43="","",K43*J43) | M43: =IF(OR(C43="",I43=""),"",I43/C43-1) | N43: قياسى: (أول المدة + المشتريات)
A44: خلنجان | B44: 4.975 | C44: 125.4015 | D44: =IF(C44="","",B44*C44) | E44: =SUMIF('مشتريات سبتمبر التفصيلية'!$I$4:$I$92,A44,'مشتريات سبتمبر التفصيلية'!$F$4:$F$92) | F44: =SUMIF('مشتريات سبتمبر التفصيلية'!$I$4:$I$92,A44,'مشتريات سبتمبر التفصيلية'!$H$4:$H$92) | G44: =IF(C44="",E44,B44+E44) | H44: =N(D44)+F44 | I44: =IF(G44>0,ROUND(H44/G44,4),IF(C44="","",C44)) | J44: 125.4015 | K44: 3.2 | L44: =IF(J44="","",K44*J44) | M44: =IF(OR(C44="",I44=""),"",I44/C44-1) | N44: لا مشتريات فى سبتمبر ⇒ سعر أغسطس ثابت
A45: كزبره | B45: 55 | C45: 74.8815 | D45: =IF(C45="","",B45*C45) | E45: =SUMIF('مشتريات سبتمبر التفصيلية'!$I$4:$I$92,A45,'مشتريات سبتمبر التفصيلية'!$F$4:$F$92) | F45: =SUMIF('مشتريات سبتمبر التفصيلية'!$I$4:$I$92,A45,'مشتريات سبتمبر التفصيلية'!$H$4:$H$92) | G45: =IF(C45="",E45,B45+E45) | H45: =N(D45)+F45 | I45: =IF(G45>0,ROUND(H45/G45,4),IF(C45="","",C45)) | J45: 80.7191 | K45: 54.7 | L45: =IF(J45="","",K45*J45) | M45: =IF(OR(C45="",I45=""),"",I45/C45-1) | N45: قياسى: (أول المدة + المشتريات)
A46: قرفه | B46: 23.7 | C46: 130.1035 | D46: =IF(C46="","",B46*C46) | E46: =SUMIF('مشتريات سبتمبر التفصيلية'!$I$4:$I$92,A46,'مشتريات سبتمبر التفصيلية'!$F$4:$F$92) | F46: =SUMIF('مشتريات سبتمبر التفصيلية'!$I$4:$I$92,A46,'مشتريات سبتمبر التفصيلية'!$H$4:$H$92) | G46: =IF(C46="",E46,B46+E46) | H46: =N(D46)+F46 | I46: =IF(G46>0,ROUND(H46/G46,4),IF(C46="","",C46)) | J46: 130.0333 | K46: 36 | L46: =IF(J46="","",K46*J46) | M46: =IF(OR(C46="",I46=""),"",I46/C46-1) | N46: قياسى: (أول المدة + المشتريات)
... A64: طعم شواي | B64: 17.5 | C64: 295 | D64: =IF(C64="","",B64*C64) | E64: =SUMIF('مشتريات سبتمبر التفصيلية'!$I$4:$I$92,A64,'مشتريات سبتمبر التفصيلية'!$F$4:$F$92) | F64: =SUMIF('مشتريات سبتمبر التفصيلية'!$I$4:$I$92,A64,'مشتريات سبتمبر التفصيلية'!$H$4:$H$92) | G64: =IF(C64="",E64,B64+E64) | H64: =N(D64)+F64 | I64: =IF(G64>0,ROUND(H64/G64,4),IF(C64="","",C64)) | J64: 295 | K64: 8.7 | L64: =IF(J64="","",K64*J64) | M64: =IF(OR(C64="",I64=""),"",I64/C64-1) | N64: قياسى: (أول المدة + المشتريات)
A65: طعم دخان | B65: 0 | D65: =IF(C65="","",B65*C65) | E65: =SUMIF('مشتريات سبتمبر التفصيلية'!$I$4:$I$92,A65,'مشتريات سبتمبر التفصيلية'!$F$4:$F$92) | F65: =SUMIF('مشتريات سبتمبر التفصيلية'!$I$4:$I$92,A65,'مشتريات سبتمبر التفصيلية'!$H$4:$H$92) | G65: =IF(C65="",E65,B65+E65) | H65: =N(D65)+F65 | I65: =IF(G65>0,ROUND(H65/G65,4),IF(C65="","",C65)) | K65: 0 | L65: =IF(J65="","",K65*J65) | M65: =IF(OR(C65="",I65=""),"",I65/C65-1) | N65: بلا سعر — لا سعر أغسطس ولا مشتريات سبتمبر
A66: كربوناتو | B66: 1.35 | C66: 35 | D66: =IF(C66="","",B66*C66) | E66: =SUMIF('مشتريات سبتمبر التفصيلية'!$I$4:$I$92,A66,'مشتريات سبتمبر التفصيلية'!$F$4:$F$92) | F66: =SUMIF('مشتريات سبتمبر التفصيلية'!$I$4:$I$92,A66,'مشتريات سبتمبر التفصيلية'!$H$4:$H$92) | G66: =IF(C66="",E66,B66+E66) | H66: =N(D66)+F66 | I66: =IF(G66>0,ROUND(H66/G66,4),IF(C66="","",C66)) | J66: 35 | K66: 0 | L66: =IF(J66="","",K66*J66) | M66: =IF(OR(C66="",I66=""),"",I66/C66-1) | N66: لا مشتريات فى سبتمبر ⇒ سعر أغسطس ثابت
A67: شرش بودر | B67: 21.95 | C67: 85 | D67: =IF(C67="","",B67*C67) | E67: =SUMIF('مشتريات سبتمبر التفصيلية'!$I$4:$I$92,A67,'مشتريات سبتمبر التفصيلية'!$F$4:$F$92) | F67: =SUMIF('مشتريات سبتمبر التفصيلية'!$I$4:$I$92,A67,'مشتريات سبتمبر التفصيلية'!$H$4:$H$92) | G67: =IF(C67="",E67,B67+E67) | H67: =N(D67)+F67 | I67: =IF(G67>0,ROUND(H67/G67,4),IF(C67="","",C67)) | J67: 85 | K67: 0 | L67: =IF(J67="","",K67*J67) | M67: =IF(OR(C67="",I67=""),"",I67/C67-1) | N67: لا مشتريات فى سبتمبر ⇒ سعر أغسطس ثابت
A68: سكر | B68: 3.495 | C68: 28.2146 | D68: =IF(C68="","",B68*C68) | E68: =SUMIF('مشتريات سبتمبر التفصيلية'!$I$4:$I$92,A68,'مشتريات سبتمبر التفصيلية'!$F$4:$F$92) | F68: =SUMIF('مشتريات سبتمبر التفصيلية'!$I$4:$I$92,A68,'مشتريات سبتمبر التفصيلية'!$H$4:$H$92) | G68: =IF(C68="",E68,B68+E68) | H68: =N(D68)+F68 | I68: =IF(G68>0,ROUND(H68/G68,4),IF(C68="","",C68)) | J68: 28.2146 | K68: 0 | L68: =IF(J68="","",K68*J68) | M68: =IF(OR(C68="",I68=""),"",I68/C68-1) | N68: لا مشتريات فى سبتمبر ⇒ سعر أغسطس ثابت
A69: فلفل ابيض | B69: 0 | C69: 78.6517 | D69: =IF(C69="","",B69*C69) | E69: =SUMIF('مشتريات سبتمبر التفصيلية'!$I$4:$I$92,A69,'مشتريات سبتمبر التفصيلية'!$F$4:$F$92) | F69: =SUMIF('مشتريات سبتمبر التفصيلية'!$I$4:$I$92,A69,'مشتريات سبتمبر التفصيلية'!$H$4:$H$92) | G69: =IF(C69="",E69,B69+E69) | H69: =N(D69)+F69 | I69: =IF(G69>0,ROUND(H69/G69,4),IF(C69="","",C69)) | J69: 78.6517 | K69: 0 | L69: =IF(J69="","",K69*J69) | M69: =IF(OR(C69="",I69=""),"",I69/C69-1) | N69: لا مشتريات فى سبتمبر ⇒ سعر أغسطس ثابت
A70: لون طبيعي | B70: 10.665 | C70: 2971.0926 | D70: =IF(C70="","",B70*C70) | E70: =SUMIF('مشتريات سبتمبر التفصيلية'!$I$4:$I$92,A70,'مشتريات سبتمبر التفصيلية'!$F$4:$F$92) | F70: =SUMIF('مشتريات سبتمبر التفصيلية'!$I$4:$I$92,A70,'مشتريات سبتمبر التفصيلية'!$H$4:$H$92) | G70: =IF(C70="",E70,B70+E70) | H70: =N(D70)+F70 | I70: =IF(G70>0,ROUND(H70/G70,4),IF(C70="","",C70)) | J70: 2971.0926 | K70: 4 | L70: =IF(J70="","",K70*J70) | M70: =IF(OR(C70="",I70=""),"",I70/C70-1) | N70: لا مشتريات فى سبتمبر ⇒ سعر أغسطس ثابت
A71: طعم فراخ | B71: 0 | D71: =IF(C71="","",B71*C71) | E71: =SUMIF('مشتريات سبتمبر التفصيلية'!$I$4:$I$92,A71,'مشتريات سبتمبر التفصيلية'!$F$4:$F$92) | F71: =SUMIF('مشتريات سبتمبر التفصيلية'!$I$4:$I$92,A71,'مشتريات سبتمبر التفصيلية'!$H$4:$H$92) | G71: =IF(C71="",E71,B71+E71) | H71: =N(D71)+F71 | I71: =IF(G71>0,ROUND(H71/G71,4),IF(C71="","",C71)) | K71: 0 | L71: =IF(J71="","",K71*J71) | M71: =IF(OR(C71="",I71=""),"",I71/C71-1) | N71: بلا سعر — لا سعر أغسطس ولا مشتريات سبتمبر
A72: زيوت بسطرمه | B72: 6 | C72: 784.1353 | D72: =IF(C72="","",B72*C72) | E72: =SUMIF('مشتريات سبتمبر التفصيلية'!$I$4:$I$92,A72,'مشتريات سبتمبر التفصيلية'!$F$4:$F$92) | F72: =SUMIF('مشتريات سبتمبر التفصيلية'!$I$4:$I$92,A72,'مشتريات سبتمبر التفصيلية'!$H$4:$H$92) | G72: =IF(C72="",E72,B72+E72) | H72: =N(D72)+F72 | I72: =IF(G72>0,ROUND(H72/G72,4),IF(C72="","",C72)) | J72: 798.4812 | K72: 8 | L72: =IF(J72="","",K72*J72) | M72: =IF(OR(C72="",I72=""),"",I72/C72-1) | N72: قياسى: (أول المدة + المشتريات)
A73: ثوم بودر | B73: 0 | C73: 100 | D73: =IF(C73="","",B73*C73) | E73: =SUMIF('مشتريات سبتمبر التفصيلية'!$I$4:$I$92,A73,'مشتريات سبتمبر التفصيلية'!$F$4:$F$92) | F73: =SUMIF('مشتريات سبتمبر التفصيلية'!$I$4:$I$92,A73,'مشتريات سبتمبر التفصيلية'!$H$4:$H$92) | G73: =IF(C73="",E73,B73+E73) | H73: =N(D73)+F73 | I73: =IF(G73>0,ROUND(H73/G73,4),IF(C73="","",C73)) | J73: 100 | K73: 0 | L73: =IF(J73="","",K73*J73) | M73: =IF(OR(C73="",I73=""),"",I73/C73-1) | N73: لا مشتريات فى سبتمبر ⇒ سعر أغسطس ثابت
A74: كامينا | B74: 4.33 | C74: 450 | D74: =IF(C74="","",B74*C74) | E74: =SUMIF('مشتريات سبتمبر التفصيلية'!$I$4:$I$92,A74,'مشتريات سبتمبر التفصيلية'!$F$4:$F$92) | F74: =SUMIF('مشتريات سبتمبر التفصيلية'!$I$4:$I$92,A74,'مشتريات سبتمبر التفصيلية'!$H$4:$H$92) | G74: =IF(C74="",E74,B74+E74) | H74: =N(D74)+F74 | I74: =IF(G74>0,ROUND(H74/G74,4),IF(C74="","",C74)) | J74: 450 | K74: 2 | L74: =IF(J74="","",K74*J74) | M74: =IF(OR(C74="",I74=""),"",I74/C74-1) | N74: لا مشتريات فى سبتمبر ⇒ سعر أغسطس ثابت
A75: MX | B75: 34.6 | C75: 867.7283 | D75: =IF(C75="","",B75*C75) | E75: =SUMIF('مشتريات سبتمبر التفصيلية'!$I$4:$I$92,A75,'مشتريات سبتمبر التفصيلية'!$F$4:$F$92) | F75: =SUMIF('مشتريات سبتمبر التفصيلية'!$I$4:$I$92,A75,'مشتريات سبتمبر التفصيلية'!$H$4:$H$92) | G75: =IF(C75="",E75,B75+E75) | H75: =N(D75)+F75 | I75: =IF(G75>0,ROUND(H75/G75,4),IF(C75="","",C75)) | J75: 867.7283 | K75: 24.4 | L75: =IF(J75="","",K75*J75) | M75: =IF(OR(C75="",I75=""),"",I75/C75-1) | N75: لا مشتريات فى سبتمبر ⇒ سعر أغسطس ثابت
A76: زيت سجق | B76: 2.4 | C76: 580 | D76: =IF(C76="","",B76*C76) | E76: =SUMIF('مشتريات سبتمبر التفصيلية'!$I$4:$I$92,A76,'مشتريات سبتمبر التفصيلية'!$F$4:$F$92) | F76: =SUMIF('مشتريات سبتمبر التفصيلية'!$I$4:$I$92,A76,'مشتريات سبتمبر التفصيلية'!$H$4:$H$92) | G76: =IF(C76="",E76,B76+E76) | H76: =N(D76)+F76 | I76: =IF(G76>0,ROUND(H76/G76,4),IF(C76="","",C76)) | J76: 580 | K76: 7 | L76: =IF(J76="","",K76*J76) | M76: =IF(OR(C76="",I76=""),"",I76/C76-1) | N76: قياسى: (أول المدة + المشتريات)
A77: كمينا ابيض | B77: 18 | C77: 260 | D77: =IF(C77="","",B77*C77) | E77: =SUMIF('مشتريات سبتمبر التفصيلية'!$I$4:$I$92,A77,'مشتريات سبتمبر التفصيلية'!$F$4:$F$92) | F77: =SUMIF('مشتريات سبتمبر التفصيلية'!$I$4:$I$92,A77,'مشتريات سبتمبر التفصيلية'!$H$4:$H$92) | G77: =IF(C77="",E77,B77+E77) | H77: =N(D77)+F77 | I77: =IF(G77>0,ROUND(H77/G77,4),IF(C77="","",C77)) | J77: 260 | K77: 18 | L77: =IF(J77="","",K77*J77) | M77: =IF(OR(C77="",I77=""),"",I77/C77-1) | N77: لا مشتريات فى سبتمبر ⇒ سعر أغسطس ثابت
A78: كروت كبده علب 350 | B78: 14451 | D78: =IF(C78="","",B78*C78) | E78: =SUMIF('مشتريات سبتمبر التفصيلية'!$I$4:$I$92,A78,'مشتريات سبتمبر التفصيلية'!$F$4:$F$92) | F78: =SUMIF('مشتريات سبتمبر التفصيلية'!$I$4:$I$92,A78,'مشتريات سبتمبر التفصيلية'!$H$4:$H$92) | G78: =IF(C78="",E78,B78+E78) | H78: =N(D78)+F78 | I78: =IF(G78>0,ROUND(H78/G78,4),IF(C78="","",C78)) | K78: 13373 | L78: =IF(J78="","",K78*J78) | M78: =IF(OR(C78="",I78=""),"",I78/C78-1) | N78: بلا سعر — لا سعر أغسطس ولا مشتريات سبتمبر
A79: اكياس افيز | B79: 731 | C79: 6.1668 | D79: =IF(C79="","",B79*C79) | E79: =SUMIF('مشتريات سبتمبر التفصيلية'!$I$4:$I$92,A79,'مشتريات سبتمبر التفصيلية'!$F$4:$F$92) | F79: =SUMIF('مشتريات سبتمبر التفصيلية'!$I$4:$I$92,A79,'مشتريات سبتمبر التفصيلية'!$H$4:$H$92) | G79: =IF(C79="",E79,B79+E79) | H79: =N(D79)+F79 | I79: =IF(G79>0,ROUND(H79/G79,4),IF(C79="","",C79)) | J79: 6.1668 | K79: 585 | L79: =IF(J79="","",K79*J79) | M79: =IF(OR(C79="",I79=""),"",I79/C79-1) | N79: لا مشتريات فى سبتمبر ⇒ سعر أغسطس ثابت
A80: لازق | B80: 67 | C80: 30.2193 | D80: =IF(C80="","",B80*C80) | E80: =SUMIF('مشتريات سبتمبر التفصيلية'!$I$4:$I$92,A80,'مشتريات سبتمبر التفصيلية'!$F$4:$F$92) | F80: =SUMIF('مشتريات سبتمبر التفصيلية'!$I$4:$I$92,A80,'مشتريات سبتمبر التفصيلية'!$H$4:$H$92) | G80: =IF(C80="",E80,B80+E80) | H80: =N(D80)+F80 | I80: =IF(G80>0,ROUND(H80/G80,4),IF(C80="","",C80)) | J80: 30.6993 | K80: 50 | L80: =IF(J80="","",K80*J80) | M80: =IF(OR(C80="",I80=""),"",I80/C80-1) | N80: قياسى: (أول المدة + المشتريات)
A81: كراتين ابوهاشم | B81: 754 | C81: 22.3768 | D81: =IF(C81="","",B81*C81) | E81: =SUMIF('مشتريات سبتمبر التفصيلية'!$I$4:$I$92,A81,'مشتريات سبتمبر التفصيلية'!$F$4:$F$92) | F81: =SUMIF('مشتريات سبتمبر التفصيلية'!$I$4:$I$92,A81,'مشتريات سبتمبر التفصيلية'!$H$4:$H$92) | G81: =IF(C81="",E81,B81+E81) | H81: =N(D81)+F81 | I81: =IF(G81>0,ROUND(H81/G81,4),IF(C81="","",C81)) | J81: 22.3768 | K81: 0 | L81: =IF(J81="","",K81*J81) | M81: =IF(OR(C81="",I81=""),"",I81/C81-1) | N81: لا مشتريات فى سبتمبر ⇒ سعر أغسطس ثابت
A82: ورق برجر | B82: 489 | C82: 56.5 | D82: =IF(C82="","",B82*C82) | E82: =SUMIF('مشتريات سبتمبر التفصيلية'!$I$4:$I$92,A82,'مشتريات سبتمبر التفصيلية'!$F$4:$F$92) | F82: =SUMIF('مشتريات سبتمبر التفصيلية'!$I$4:$I$92,A82,'مشتريات سبتمبر التفصيلية'!$H$4:$H$92) | G82: =IF(C82="",E82,B82+E82) | H82: =N(D82)+F82 | I82: =IF(G82>0,ROUND(H82/G82,4),IF(C82="","",C82)) | J82: 56.5 | K82: 290.45 | L82: =IF(J82="","",K82*J82) | M82: =IF(OR(C82="",I82=""),"",I82/C82-1) | N82: لا مشتريات فى سبتمبر ⇒ سعر أغسطس ثابت
A83: مزيل لماكينة التغليف | B83: 1 | D83: =IF(C83="","",B83*C83) | E83: =SUMIF('مشتريات سبتمبر التفصيلية'!$I$4:$I$92,A83,'مشتريات سبتمبر التفصيلية'!$F$4:$F$92) | F83: =SUMIF('مشتريات سبتمبر التفصيلية'!$I$4:$I$92,A83,'مشتريات سبتمبر التفصيلية'!$H$4:$H$92) | G83: =IF(C83="",E83,B83+E83) | H83: =N(D83)+F83 | I83: =IF(G83>0,ROUND(H83/G83,4),IF(C83="","",C83)) | K83: 0 | L83: =IF(J83="","",K83*J83) | M83: =IF(OR(C83="",I83=""),"",I83/C83-1) | N83: بلا سعر — لا سعر أغسطس ولا مشتريات سبتمبر
A84: اكياس برجر الهنا ص | B84: 708.5 | C84: 183.0439 | D84: =IF(C84="","",B84*C84) | E84: =SUMIF('مشتريات سبتمبر التفصيلية'!$I$4:$I$92,A84,'مشتريات سبتمبر التفصيلية'!$F$4:$F$92) | F84: =SUMIF('مشتريات سبتمبر التفصيلية'!$I$4:$I$92,A84,'مشتريات سبتمبر التفصيلية'!$H$4:$H$92) | G84: =IF(C84="",E84,B84+E84) | H84: =N(D84)+F84 | I84: =IF(G84>0,ROUND(H84/G84,4),IF(C84="","",C84)) | J84: 183.0439 | K84: 641.7 | L84: =IF(J84="","",K84*J84) | M84: =IF(OR(C84="",I84=""),"",I84/C84-1) | N84: لا مشتريات فى سبتمبر ⇒ سعر أغسطس ثابت
A85: اكياس برجر الهنا ك | B85: 568.8 | C85: 203.0734 | D85: =IF(C85="","",B85*C85) | E85: =SUMIF('مشتريات سبتمبر التفصيلية'!$I$4:$I$92,A85,'مشتريات سبتمبر التفصيلية'!$F$4:$F$92) | F85: =SUMIF('مشتريات سبتمبر التفصيلية'!$I$4:$I$92,A85,'مشتريات سبتمبر التفصيلية'!$H$4:$H$92) | G85: =IF(C85="",E85,B85+E85) | H85: =N(D85)+F85 | I85: =IF(G85>0,ROUND(H85/G85,4),IF(C85="","",C85)) | J85: 203.0734 | K85: 427.3 | L85: =IF(J85="","",K85*J85) | M85: =IF(OR(C85="",I85=""),"",I85/C85-1) | N85: لا مشتريات فى سبتمبر ⇒ سعر أغسطس ثابت
A86: اكياس كفتة الهنا ص | B86: 359.5 | C86: 196.7193 | D86: =IF(C86="","",B86*C86) | E86: =SUMIF('مشتريات سبتمبر التفصيلية'!$I$4:$I$92,A86,'مشتريات سبتمبر التفصيلية'!$F$4:$F$92) | F86: =SUMIF('مشتريات سبتمبر التفصيلية'!$I$4:$I$92,A86,'مشتريات سبتمبر التفصيلية'!$H$4:$H$92) | G86: =IF(C86="",E86,B86+E86) | H86: =N(D86)+F86 | I86: =IF(G86>0,ROUND(H86/G86,4),IF(C86="","",C86)) | J86: 196.7193 | K86: 267.25 | L86: =IF(J86="","",K86*J86) | M86: =IF(OR(C86="",I86=""),"",I86/C86-1) | N86: لا مشتريات فى سبتمبر ⇒ سعر أغسطس ثابت
A87: اكياس كفته الهنا ك | B87: 470 | C87: 264.4955 | D87: =IF(C87="","",B87*C87) | E87: =SUMIF('مشتريات سبتمبر التفصيلية'!$I$4:$I$92,A87,'مشتريات سبتمبر التفصيلية'!$F$4:$F$92) | F87: =SUMIF('مشتريات سبتمبر التفصيلية'!$I$4:$I$92,A87,'مشتريات سبتمبر التفصيلية'!$H$4:$H$92) | G87: =IF(C87="",E87,B87+E87) | H87: =N(D87)+F87 | I87: =IF(G87>0,ROUND(H87/G87,4),IF(C87="","",C87)) | J87: 264.4955 | K87: 351.7 | L87: =IF(J87="","",K87*J87) | M87: =IF(OR(C87="",I87=""),"",I87/C87-1) | N87: لا مشتريات فى سبتمبر ⇒ سعر أغسطس ثابت
A88: اكياس مفروم3ك | B88: 45.6 | C88: 115 | D88: =IF(C88="","",B88*C88) | E88: =SUMIF('مشتريات سبتمبر التفصيلية'!$I$4:$I$92,A88,'مشتريات سبتمبر التفصيلية'!$F$4:$F$92) | F88: =SUMIF('مشتريات سبتمبر التفصيلية'!$I$4:$I$92,A88,'مشتريات سبتمبر التفصيلية'!$H$4:$H$92) | G88: =IF(C88="",E88,B88+E88) | H88: =N(D88)+F88 | I88: =IF(G88>0,ROUND(H88/G88,4),IF(C88="","",C88)) | J88: 115 | K88: 44.1 | L88: =IF(J88="","",K88*J88) | M88: =IF(OR(C88="",I88=""),"",I88/C88-1) | N88: لا مشتريات فى سبتمبر ⇒ سعر أغسطس ثابت
A89: اكياس سجق الهنا ك | B89: 494.7 | C89: 165 | D89: =IF(C89="","",B89*C89) | E89: =SUMIF('مشتريات سبتمبر التفصيلية'!$I$4:$I$92,A89,'مشتريات سبتمبر التفصيلية'!$F$4:$F$92) | F89: =SUMIF('مشتريات سبتمبر التفصيلية'!$I$4:$I$92,A89,'مشتريات سبتمبر التفصيلية'!$H$4:$H$92) | G89: =IF(C89="",E89,B89+E89) | H89: =N(D89)+F89 | I89: =IF(G89>0,ROUND(H89/G89,4),IF(C89="","",C89)) | J89: 165 | K89: 477.3 | L89: =IF(J89="","",K89*J89) | M89: =IF(OR(C89="",I89=""),"",I89/C89-1) | N89: لا مشتريات فى سبتمبر ⇒ سعر أغسطس ثابت
A90: اكياس سجق الهنا ص | B90: 293 | C90: 206.4046 | D90: =IF(C90="","",B90*C90) | E90: =SUMIF('مشتريات سبتمبر التفصيلية'!$I$4:$I$92,A90,'مشتريات سبتمبر التفصيلية'!$F$4:$F$92) | F90: =SUMIF('مشتريات سبتمبر التفصيلية'!$I$4:$I$92,A90,'مشتريات سبتمبر التفصيلية'!$H$4:$H$92) | G90: =IF(C90="",E90,B90+E90) | H90: =N(D90)+F90 | I90: =IF(G90>0,ROUND(H90/G90,4),IF(C90="","",C90)) | J90: 206.4046 | K90: 210.6 | L90: =IF(J90="","",K90*J90) | M90: =IF(OR(C90="",I90=""),"",I90/C90-1) | N90: لا مشتريات فى سبتمبر ⇒ سعر أغسطس ثابت
A91: اكياس سجق ابوهاشم ك | B91: 373 | C91: 165 | D91: =IF(C91="","",B91*C91) | E91: =SUMIF('مشتريات سبتمبر التفصيلية'!$I$4:$I$92,A91,'مشتريات سبتمبر التفصيلية'!$F$4:$F$92) | F91: =SUMIF('مشتريات سبتمبر التفصيلية'!$I$4:$I$92,A91,'مشتريات سبتمبر التفصيلية'!$H$4:$H$92) | G91: =IF(C91="",E91,B91+E91) | H91: =N(D91)+F91 | I91: =IF(G91>0,ROUND(H91/G91,4),IF(C91="","",C91)) | J91: 165 | K91: 367.3 | L91: =IF(J91="","",K91*J91) | M91: =IF(OR(C91="",I91=""),"",I91/C91-1) | N91: لا مشتريات فى سبتمبر ⇒ سعر أغسطس ثابت
A92: اكياس كفته ابوهاشم ك | B92: 7 | C92: 165 | D92: =IF(C92="","",B92*C92) | E92: =SUMIF('مشتريات سبتمبر التفصيلية'!$I$4:$I$92,A92,'مشتريات سبتمبر التفصيلية'!$F$4:$F$92) | F92: =SUMIF('مشتريات سبتمبر التفصيلية'!$I$4:$I$92,A92,'مشتريات سبتمبر التفصيلية'!$H$4:$H$92) | G92: =IF(C92="",E92,B92+E92) | H92: =N(D92)+F92 | I92: =IF(G92>0,ROUND(H92/G92,4),IF(C92="","",C92)) | J92: 165 | K92: 4.4 | L92: =IF(J92="","",K92*J92) | M92: =IF(OR(C92="",I92=""),"",I92/C92-1) | N92: لا مشتريات فى سبتمبر ⇒ سعر أغسطس ثابت
A93: اكياس برجر ابوهاشم ص | B93: 4.85 | C93: 165 | D93: =IF(C93="","",B93*C93) | E93: =SUMIF('مشتريات سبتمبر التفصيلية'!$I$4:$I$92,A93,'مشتريات سبتمبر التفصيلية'!$F$4:$F$92) | F93: =SUMIF('مشتريات سبتمبر التفصيلية'!$I$4:$I$92,A93,'مشتريات سبتمبر التفصيلية'!$H$4:$H$92) | G93: =IF(C93="",E93,B93+E93) | H93: =N(D93)+F93 | I93: =IF(G93>0,ROUND(H93/G93,4),IF(C93="","",C93)) | J93: 165 | K93: 4.85 | L93: =IF(J93="","",K93*J93) | M93: =IF(OR(C93="",I93=""),"",I93/C93-1) | N93: لا مشتريات فى سبتمبر ⇒ سعر أغسطس ثابت
A94: اكياس كفته ابوهاشم ص | B94: 88.8 | C94: 165 | D94: =IF(C94="","",B94*C94) | E94: =SUMIF('مشتريات سبتمبر التفصيلية'!$I$4:$I$92,A94,'مشتريات سبتمبر التفصيلية'!$F$4:$F$92) | F94: =SUMIF('مشتريات سبتمبر التفصيلية'!$I$4:$I$92,A94,'مشتريات سبتمبر التفصيلية'!$H$4:$H$92) | G94: =IF(C94="",E94,B94+E94) | H94: =N(D94)+F94 | I94: =IF(G94>0,ROUND(H94/G94,4),IF(C94="","",C94)) | J94: 165 | K94: 87.3 | L94: =IF(J94="","",K94*J94) | M94: =IF(OR(C94="",I94=""),"",I94/C94-1) | N94: لا مشتريات فى سبتمبر ⇒ سعر أغسطس ثابت
A95: اكياس مفروم صافي | B95: 46 | C95: 165 | D95: =IF(C95="","",B95*C95) | E95: =SUMIF('مشتريات سبتمبر التفصيلية'!$I$4:$I$92,A95,'مشتريات سبتمبر التفصيلية'!$F$4:$F$92) | F95: =SUMIF('مشتريات سبتمبر التفصيلية'!$I$4:$I$92,A95,'مشتريات سبتمبر التفصيلية'!$H$4:$H$92) | G95: =IF(C95="",E95,B95+E95) | H95: =N(D95)+F95 | I95: =IF(G95>0,ROUND(H95/G95,4),IF(C95="","",C95)) | J95: 165 | K95: 46 | L95: =IF(J95="","",K95*J95) | M95: =IF(OR(C95="",I95=""),"",I95/C95-1) | N95: لا مشتريات فى سبتمبر ⇒ سعر أغسطس ثابت
A96: اكياس مفروم صويا | B96: 0 | D96: =IF(C96="","",B96*C96) | E96: =SUMIF('مشتريات سبتمبر التفصيلية'!$I$4:$I$92,A96,'مشتريات سبتمبر التفصيلية'!$F$4:$F$92) | F96: =SUMIF('مشتريات سبتمبر التفصيلية'!$I$4:$I$92,A96,'مشتريات سبتمبر التفصيلية'!$H$4:$H$92) | G96: =IF(C96="",E96,B96+E96) | H96: =N(D96)+F96 | I96: =IF(G96>0,ROUND(H96/G96,4),IF(C96="","",C96)) | K96: 0 | L96: =IF(J96="","",K96*J96) | M96: =IF(OR(C96="",I96=""),"",I96/C96-1) | N96: بلا سعر — لا سعر أغسطس ولا مشتريات سبتمبر
A97: اكياس سجق ابوهاشم 3ك | B97: 77 | C97: 119.4035 | D97: =IF(C97="","",B97*C97) | E97: =SUMIF('مشتريات سبتمبر التفصيلية'!$I$4:$I$92,A97,'مشتريات سبتمبر التفصيلية'!$F$4:$F$92) | F97: =SUMIF('مشتريات سبتمبر التفصيلية'!$I$4:$I$92,A97,'مشتريات سبتمبر التفصيلية'!$H$4:$H$92) | G97: =IF(C97="",E97,B97+E97) | H97: =N(D97)+F97 | I97: =IF(G97>0,ROUND(H97/G97,4),IF(C97="","",C97)) | J97: 119.4035 | K97: 41.2 | L97: =IF(J97="","",K97*J97) | M97: =IF(OR(C97="",I97=""),"",I97/C97-1) | N97: لا مشتريات فى سبتمبر ⇒ سعر أغسطس ثابت
A98: اكياس سجق ابو هاشم ص | B98: 35.933 | C98: 165 | D98: =IF(C98="","",B98*C98) | E98: =SUMIF('مشتريات سبتمبر التفصيلية'!$I$4:$I$92,A98,'مشتريات سبتمبر التفصيلية'!$F$4:$F$92) | F98: =SUMIF('مشتريات سبتمبر التفصيلية'!$I$4:$I$92,A98,'مشتريات سبتمبر التفصيلية'!$H$4:$H$92) | G98: =IF(C98="",E98,B98+E98) | H98: =N(D98)+F98 | I98: =IF(G98>0,ROUND(H98/G98,4),IF(C98="","",C98)) | J98: 165 | K98: 33.9 | L98: =IF(J98="","",K98*J98) | M98: =IF(OR(C98="",I98=""),"",I98/C98-1) | N98: لا مشتريات فى سبتمبر ⇒ سعر أغسطس ثابت
A99: اكياس برجر ابوهاشم 1.5 | B99: 5.29 | C99: 165 | D99: =IF(C99="","",B99*C99) | E99: =SUMIF('مشتريات سبتمبر التفصيلية'!$I$4:$I$92,A99,'مشتريات سبتمبر التفصيلية'!$F$4:$F$92) | F99: =SUMIF('مشتريات سبتمبر التفصيلية'!$I$4:$I$92,A99,'مشتريات سبتمبر التفصيلية'!$H$4:$H$92) | G99: =IF(C99="",E99,B99+E99) | H99: =N(D99)+F99 | I99: =IF(G99>0,ROUND(H99/G99,4),IF(C99="","",C99)) | J99: 165 | K99: 8 | L99: =IF(J99="","",K99*J99) | M99: =IF(OR(C99="",I99=""),"",I99/C99-1) | N99: لا مشتريات فى سبتمبر ⇒ سعر أغسطس ثابت
A100: علب سوداء | B100: 140.474 | C100: 4.1162 | D100: =IF(C100="","",B100*C100) | E100: =SUMIF('مشتريات سبتمبر التفصيلية'!$I$4:$I$92,A100,'مشتريات سبتمبر التفصيلية'!$F$4:$F$92) | F100: =SUMIF('مشتريات سبتمبر التفصيلية'!$I$4:$I$92,A100,'مشتريات سبتمبر التفصيلية'!$H$4:$H$92) | G100: =IF(C100="",E100,B100+E100) | H100: =N(D100)+F100 | I100: =IF(G100>0,ROUND(H100/G100,4),IF(C100="","",C100)) | J100: 4.1023 | K100: 1250 | L100: =IF(J100="","",K100*J100) | M100: =IF(OR(C100="",I100=""),"",I100/C100-1) | N100: قياسى: (أول المدة + المشتريات)
A101: اطباق 1/2 | B101: 44700 | C101: 0.4488 | D101: =IF(C101="","",B101*C101) | E101: =SUMIF('مشتريات سبتمبر التفصيلية'!$I$4:$I$92,A101,'مشتريات سبتمبر التفصيلية'!$F$4:$F$92) | F101: =SUMIF('مشتريات سبتمبر التفصيلية'!$I$4:$I$92,A101,'مشتريات سبتمبر التفصيلية'!$H$4:$H$92) | G101: =IF(C101="",E101,B101+E101) | H101: =N(D101)+F101 | I101: =IF(G101>0,ROUND(H101/G101,4),IF(C101="","",C101)) | J101: 0.4585 | K101: 25950 | L101: =IF(J101="","",K101*J101) | M101: =IF(OR(C101="",I101=""),"",I101/C101-1) | N101: قياسى: (أول المدة + المشتريات)
A102: اطباق 3/4 | B102: 21200 | C102: 0.5707 | D102: =IF(C102="","",B102*C102) | E102: =SUMIF('مشتريات سبتمبر التفصيلية'!$I$4:$I$92,A102,'مشتريات سبتمبر التفصيلية'!$F$4:$F$92) | F102: =SUMIF('مشتريات سبتمبر التفصيلية'!$I$4:$I$92,A102,'مشتريات سبتمبر التفصيلية'!$H$4:$H$92) | G102: =IF(C102="",E102,B102+E102) | H102: =N(D102)+F102 | I102: =IF(G102>0,ROUND(H102/G102,4),IF(C102="","",C102)) | J102: 0.6291 | K102: 23900 | L102: =IF(J102="","",K102*J102) | M102: =IF(OR(C102="",I102=""),"",I102/C102-1) | N102: قياسى: (أول المدة + المشتريات)
A103: فرش البرجر 11*11 | B103: 260 | C103: 90.8231 | D103: =IF(C103="","",B103*C103) | E103: =SUMIF('مشتريات سبتمبر التفصيلية'!$I$4:$I$92,A103,'مشتريات سبتمبر التفصيلية'!$F$4:$F$92) | F103: =SUMIF('مشتريات سبتمبر التفصيلية'!$I$4:$I$92,A103,'مشتريات سبتمبر التفصيلية'!$H$4:$H$92) | G103: =IF(C103="",E103,B103+E103) | H103: =N(D103)+F103 | I103: =IF(G103>0,ROUND(H103/G103,4),IF(C103="","",C103)) | J103: 90.8231 | K103: 0 | L103: =IF(J103="","",K103*J103) | M103: =IF(OR(C103="",I103=""),"",I103/C103-1) | N103: لا مشتريات فى سبتمبر ⇒ سعر أغسطس ثابت
A104: اكياس سجق الهنا 5ك | B104: 68.6 | C104: 115 | D104: =IF(C104="","",B104*C104) | E104: =SUMIF('مشتريات سبتمبر التفصيلية'!$I$4:$I$92,A104,'مشتريات سبتمبر التفصيلية'!$F$4:$F$92) | F104: =SUMIF('مشتريات سبتمبر التفصيلية'!$I$4:$I$92,A104,'مشتريات سبتمبر التفصيلية'!$H$4:$H$92) | G104: =IF(C104="",E104,B104+E104) | H104: =N(D104)+F104 | I104: =IF(G104>0,ROUND(H104/G104,4),IF(C104="","",C104)) | J104: 115 | K104: 62.3 | L104: =IF(J104="","",K104*J104) | M104: =IF(OR(C104="",I104=""),"",I104/C104-1) | N104: لا مشتريات فى سبتمبر ⇒ سعر أغسطس ثابت
A105: فرش كفته | B105: 51.9 | C105: 87.9324 | D105: =IF(C105="","",B105*C105) | E105: =SUMIF('مشتريات سبتمبر التفصيلية'!$I$4:$I$92,A105,'مشتريات سبتمبر التفصيلية'!$F$4:$F$92) | F105: =SUMIF('مشتريات سبتمبر التفصيلية'!$I$4:$I$92,A105,'مشتريات سبتمبر التفصيلية'!$H$4:$H$92) | G105: =IF(C105="",E105,B105+E105) | H105: =N(D105)+F105 | I105: =IF(G105>0,ROUND(H105/G105,4),IF(C105="","",C105)) | J105: 87.9324 | K105: 35.5 | L105: =IF(J105="","",K105*J105) | M105: =IF(OR(C105="",I105=""),"",I105/C105-1) | N105: لا مشتريات فى سبتمبر ⇒ سعر أغسطس ثابت
A106: فرش برانيك | B106: 48.65 | C106: 102.1166 | D106: =IF(C106="","",B106*C106) | E106: =SUMIF('مشتريات سبتمبر التفصيلية'!$I$4:$I$92,A106,'مشتريات سبتمبر التفصيلية'!$F$4:$F$92) | F106: =SUMIF('مشتريات سبتمبر التفصيلية'!$I$4:$I$92,A106,'مشتريات سبتمبر التفصيلية'!$H$4:$H$92) | G106: =IF(C106="",E106,B106+E106) | H106: =N(D106)+F106 | I106: =IF(G106>0,ROUND(H106/G106,4),IF(C106="","",C106)) | J106: 102.1166 | K106: 17.2 | L106: =IF(J106="","",K106*J106) | M106: =IF(OR(C106="",I106=""),"",I106/C106-1) | N106: لا مشتريات فى سبتمبر ⇒ سعر أغسطس ثابت
A107: اكياس كبده 3ك | B107: 21.3 | C107: 115 | D107: =IF(C107="","",B107*C107) | E107: =SUMIF('مشتريات سبتمبر التفصيلية'!$I$4:$I$92,A107,'مشتريات سبتمبر التفصيلية'!$F$4:$F$92) | F107: =SUMIF('مشتريات سبتمبر التفصيلية'!$I$4:$I$92,A107,'مشتريات سبتمبر التفصيلية'!$H$4:$H$92) | G107: =IF(C107="",E107,B107+E107) | H107: =N(D107)+F107 | I107: =IF(G107>0,ROUND(H107/G107,4),IF(C107="","",C107)) | J107: 115 | K107: 10.9 | L107: =IF(J107="","",K107*J107) | M107: =IF(OR(C107="",I107=""),"",I107/C107-1) | N107: لا مشتريات فى سبتمبر ⇒ سعر أغسطس ثابت
A108: كروت استربس | B108: 2000 | D108: =IF(C108="","",B108*C108) | E108: =SUMIF('مشتريات سبتمبر التفصيلية'!$I$4:$I$92,A108,'مشتريات سبتمبر التفصيلية'!$F$4:$F$92) | F108: =SUMIF('مشتريات سبتمبر التفصيلية'!$I$4:$I$92,A108,'مشتريات سبتمبر التفصيلية'!$H$4:$H$92) | G108: =IF(C108="",E108,B108+E108) | H108: =N(D108)+F108 | I108: =IF(G108>0,ROUND(H108/G108,4),IF(C108="","",C108)) | K108: 2000 | L108: =IF(J108="","",K108*J108) | M108: =IF(OR(C108="",I108=""),"",I108/C108-1) | N108: بلا سعر — لا سعر أغسطس ولا مشتريات سبتمبر
A109: كروت مفروم صافي 350 | B109: 9225 | D109: =IF(C109="","",B109*C109) | E109: =SUMIF('مشتريات سبتمبر التفصيلية'!$I$4:$I$92,A109,'مشتريات سبتمبر التفصيلية'!$F$4:$F$92) | F109: =SUMIF('مشتريات سبتمبر التفصيلية'!$I$4:$I$92,A109,'مشتريات سبتمبر التفصيلية'!$H$4:$H$92) | G109: =IF(C109="",E109,B109+E109) | H109: =N(D109)+F109 | I109: =IF(G109>0,ROUND(H109/G109,4),IF(C109="","",C109)) | K109: 8818 | L109: =IF(J109="","",K109*J109) | M109: =IF(OR(C109="",I109=""),"",I109/C109-1) | N109: بلا سعر — لا سعر أغسطس ولا مشتريات سبتمبر
A110: كروت مفروم صويا 350 | B110: 8786 | D110: =IF(C110="","",B110*C110) | E110: =SUMIF('مشتريات سبتمبر التفصيلية'!$I$4:$I$92,A110,'مشتريات سبتمبر التفصيلية'!$F$4:$F$92) | F110: =SUMIF('مشتريات سبتمبر التفصيلية'!$I$4:$I$92,A110,'مشتريات سبتمبر التفصيلية'!$H$4:$H$92) | G110: =IF(C110="",E110,B110+E110) | H110: =N(D110)+F110 | I110: =IF(G110>0,ROUND(H110/G110,4),IF(C110="","",C110)) | K110: 7887 | L110: =IF(J110="","",K110*J110) | M110: =IF(OR(C110="",I110=""),"",I110/C110-1) | N110: بلا سعر — لا سعر أغسطس ولا مشتريات سبتمبر
A111: اكياس بانيه الهنا | B111: 583.5 | C111: 165 | D111: =IF(C111="","",B111*C111) | E111: =SUMIF('مشتريات سبتمبر التفصيلية'!$I$4:$I$92,A111,'مشتريات سبتمبر التفصيلية'!$F$4:$F$92) | F111: =SUMIF('مشتريات سبتمبر التفصيلية'!$I$4:$I$92,A111,'مشتريات سبتمبر التفصيلية'!$H$4:$H$92) | G111: =IF(C111="",E111,B111+E111) | H111: =N(D111)+F111 | I111: =IF(G111>0,ROUND(H111/G111,4),IF(C111="","",C111)) | J111: 165 | K111: 551.2 | L111: =IF(J111="","",K111*J111) | M111: =IF(OR(C111="",I111=""),"",I111/C111-1) | N111: لا مشتريات فى سبتمبر ⇒ سعر أغسطس ثابت
A112: اكياس s.p شفاف برجر | B112: 13.8 | C112: 165 | D112: =IF(C112="","",B112*C112) | E112: =SUMIF('مشتريات سبتمبر التفصيلية'!$I$4:$I$92,A112,'مشتريات سبتمبر التفصيلية'!$F$4:$F$92) | F112: =SUMIF('مشتريات سبتمبر التفصيلية'!$I$4:$I$92,A112,'مشتريات سبتمبر التفصيلية'!$H$4:$H$92) | G112: =IF(C112="",E112,B112+E112) | H112: =N(D112)+F112 | I112: =IF(G112>0,ROUND(H112/G112,4),IF(C112="","",C112)) | J112: 165 | K112: 0 | L112: =IF(J112="","",K112*J112) | M112: =IF(OR(C112="",I112=""),"",I112/C112-1) | N112: لا مشتريات فى سبتمبر ⇒ سعر أغسطس ثابت
A113: كروت برجر أبو هاشم | B113: 2000 | D113: =IF(C113="","",B113*C113) | E113: =SUMIF('مشتريات سبتمبر التفصيلية'!$I$4:$I$92,A113,'مشتريات سبتمبر التفصيلية'!$F$4:$F$92) | F113: =SUMIF('مشتريات سبتمبر التفصيلية'!$I$4:$I$92,A113,'مشتريات سبتمبر التفصيلية'!$H$4:$H$92) | G113: =IF(C113="",E113,B113+E113) | H113: =N(D113)+F113 | I113: =IF(G113>0,ROUND(H113/G113,4),IF(C113="","",C113)) | K113: 2000 | L113: =IF(J113="","",K113*J113) | M113: =IF(OR(C113="",I113=""),"",I113/C113-1) | N113: بلا سعر — لا سعر أغسطس ولا مشتريات سبتمبر
A114: اكياس برجر ابوهاشم 1ك | B114: 42.13 | C114: 165 | D114: =IF(C114="","",B114*C114) | E114: =SUMIF('مشتريات سبتمبر التفصيلية'!$I$4:$I$92,A114,'مشتريات سبتمبر التفصيلية'!$F$4:$F$92) | F114: =SUMIF('مشتريات سبتمبر التفصيلية'!$I$4:$I$92,A114,'مشتريات سبتمبر التفصيلية'!$H$4:$H$92) | G114: =IF(C114="",E114,B114+E114) | H114: =N(D114)+F114 | I114: =IF(G114>0,ROUND(H114/G114,4),IF(C114="","",C114)) | J114: 165 | K114: 36.8 | L114: =IF(J114="","",K114*J114) | M114: =IF(OR(C114="",I114=""),"",I114/C114-1) | N114: لا مشتريات فى سبتمبر ⇒ سعر أغسطس ثابت
A115: اكياس سجق s.p صغير | B115: 188.3 | C115: 165 | D115: =IF(C115="","",B115*C115) | E115: =SUMIF('مشتريات سبتمبر التفصيلية'!$I$4:$I$92,A115,'مشتريات سبتمبر التفصيلية'!$F$4:$F$92) | F115: =SUMIF('مشتريات سبتمبر التفصيلية'!$I$4:$I$92,A115,'مشتريات سبتمبر التفصيلية'!$H$4:$H$92) | G115: =IF(C115="",E115,B115+E115) | H115: =N(D115)+F115 | I115: =IF(G115>0,ROUND(H115/G115,4),IF(C115="","",C115)) | J115: 165 | K115: 178.5 | L115: =IF(J115="","",K115*J115) | M115: =IF(OR(C115="",I115=""),"",I115/C115-1) | N115: لا مشتريات فى سبتمبر ⇒ سعر أغسطس ثابت
A116: اكياس سجق s.p كبير | B116: 360 | C116: 165 | D116: =IF(C116="","",B116*C116) | E116: =SUMIF('مشتريات سبتمبر التفصيلية'!$I$4:$I$92,A116,'مشتريات سبتمبر التفصيلية'!$F$4:$F$92) | F116: =SUMIF('مشتريات سبتمبر التفصيلية'!$I$4:$I$92,A116,'مشتريات سبتمبر التفصيلية'!$H$4:$H$92) | G116: =IF(C116="",E116,B116+E116) | H116: =N(D116)+F116 | I116: =IF(G116>0,ROUND(H116/G116,4),IF(C116="","",C116)) | J116: 165 | K116: 327 | L116: =IF(J116="","",K116*J116) | M116: =IF(OR(C116="",I116=""),"",I116/C116-1) | N116: لا مشتريات فى سبتمبر ⇒ سعر أغسطس ثابت
A117: اكياس برجر s.p صغير | B117: 259.55 | C117: 231.916 | D117: =IF(C117="","",B117*C117) | E117: =SUMIF('مشتريات سبتمبر التفصيلية'!$I$4:$I$92,A117,'مشتريات سبتمبر التفصيلية'!$F$4:$F$92) | F117: =SUMIF('مشتريات سبتمبر التفصيلية'!$I$4:$I$92,A117,'مشتريات سبتمبر التفصيلية'!$H$4:$H$92) | G117: =IF(C117="",E117,B117+E117) | H117: =N(D117)+F117 | I117: =IF(G117>0,ROUND(H117/G117,4),IF(C117="","",C117)) | J117: 231.916 | K117: 235.55 | L117: =IF(J117="","",K117*J117) | M117: =IF(OR(C117="",I117=""),"",I117/C117-1) | N117: لا مشتريات فى سبتمبر ⇒ سعر أغسطس ثابت
A118: اكياس كفته s.p صغير | B118: 456.35 | C118: 245.3606 | D118: =IF(C118="","",B118*C118) | E118: =SUMIF('مشتريات سبتمبر التفصيلية'!$I$4:$I$92,A118,'مشتريات سبتمبر التفصيلية'!$F$4:$F$92) | F118: =SUMIF('مشتريات سبتمبر التفصيلية'!$I$4:$I$92,A118,'مشتريات سبتمبر التفصيلية'!$H$4:$H$92) | G118: =IF(C118="",E118,B118+E118) | H118: =N(D118)+F118 | I118: =IF(G118>0,ROUND(H118/G118,4),IF(C118="","",C118)) | J118: 245.3606 | K118: 428.95 | L118: =IF(J118="","",K118*J118) | M118: =IF(OR(C118="",I118=""),"",I118/C118-1) | N118: لا مشتريات فى سبتمبر ⇒ سعر أغسطس ثابت
...

Sheet مشتريات سبتمبر التفصيلية
A1: مشتريات الخامات — الفترة 01/09/2026 حتى 30/09/2026 (المصدر: تقرير المشتريات فى الفترة)
A3: م | B3: التاريخ | C3: كود الصنف | D3: اسم الصنف بالمشتريات | E3: الوحدة | F3: الكمية | G3: سعر الشراء | H3: الإجمالى | I3: الصنف المقابل بالجرد | J3: درجة الثقة | K3: أساس المطابقة | L3: رقم الفاتورة
A4: 1 | B4: 2026/09/02 | C4: 328 | D4: طعم سجق زيت | E4: طبق | F4: 8 | G4: 580 | H4: 4640 | I4: زيت سجق | J4: عالية | K4: طعم سجق «زيت» = بند «زيت سجق»؛ سعر 580 = متوسط أغسطس 580 | L4: 1111115206
A5: 2 | B5: 2026/09/02 | C5: 329 | D5: طعم بسطرمة زيت | E5: طبق | F5: 4 | G5: 820 | H5: 3280 | I5: زيوت بسطرمه | J5: عالية | K5: طعم بسطرمة «زيت» = بند «زيوت بسطرمه»؛ سعر 820 ≈ 784.14 لأغسطس | L5: 1111115206
A6: 3 | B6: 2026/09/02 | C6: 89 | D6: طعم ليه | E6: طبق | F6: 50 | G6: 295 | H6: 14750 | I6: طعم ليه | J6: عالية | K6: نفس ربط الكود فى يوليو: تطابق اسمى تام | L6: 1111115206
A7: 4 | B7: 2026/09/02 | C7: 222 | D7: طعم كفته | E7: طبق | F7: 50 | G7: 190 | H7: 9500 | I7: طعم كفته | J7: عالية | K7: نفس ربط الكود فى أغسطس: تطابق اسمى تام | L7: 1111115206
A8: 5 | B8: 2026/09/02 | C8: 235 | D8: طعم بيف | E8: طبق | F8: 100 | G8: 310 | H8: 31000 | I8: طعم بيف | J8: عالية | K8: نفس ربط الكود فى يوليو: تطابق اسمى تام | L8: 1111115206
A9: 6 | B9: 2026/09/02 | C9: 244 | D9: طعم شواي | E9: طبق | F9: 50 | G9: 295 | H9: 14750 | I9: طعم شواي | J9: عالية | K9: نفس ربط الكود فى يوليو: سعر الشراء 295.00 = سعر يونيه 295.00 | L9: 1111115206
A10: 7 | B10: 2026/09/03 | C10: 49 | D10: دهن | E10: طبق | F10: 1450 | G10: 60 | H10: 87000 | I10: دهن بلدي | J10: عالية | K10: نفس ربط الكود فى يوليو: بند الدهن الوحيد بالجرد | L10: 1111115212
A11: 8 | B11: 2026/09/05 | C11: 95 | D11: هانك | E11: طبق | F11: 400 | G11: 250 | H11: 100000 | I11: هانك | J11: عالية | K11: نفس ربط الكود فى يوليو: تطابق اسمى تام | L11: 1111115207
A12: 9 | B12: 2026/09/05 | C12: 379 | D12: بكرة لزق شفاف | E12: طبق | F12: 240 | G12: 30.83 | H12: 7400 | I12: لازق | J12: عالية | K12: بكرة لزق شفاف = «لازق»؛ سعر 30.83 ≈ 30.22 لأغسطس | L12: 1111115208
A13: 10 | B13: 2026/09/05 | C13: 443 | D13: اكياس تغليف استربس اسبشيال صغير | E13: كيلو | F13: 124.8 | G13: 125 | H13: 15600 | I13: أكياس استربس اسبيشيال ص | J13: عالية | K13: أكياس تغليف استربس اسبشيال صغير = «أكياس استربس اسبيشيال ص»؛ بلا سعر سابق | L13: 1111115209
A14: 11 | B14: 2026/09/05 | C14: 50 | D14: بصل | E14: طبق | F14: 740 | G14: 15 | H14: 11100 | I14: بصل | J14: عالية | K14: نفس ربط الكود فى يوليو: تطابق اسمى تام | L14: 1111115210
A15: 12 | B15: 2026/09/05 | C15: 334 | D15: فلنك | E15: طبق | F15: 200 | G15: 208 | H15: 41600 | I15: فلانك | J15: عالية | K15: نفس ربط الكود فى يوليو: فرق إملائى فقط (فلنك/فلانك) + نفس نطاق السعر | L15: 1111115211
... A92: 89 | B92: 2026/09/30 | C92: 95445 | D92: اطباق 4/3عام عام | E92: طبق | F92: 20000 | G92: 0.7 | H92: 14000 | I92: اطباق 3/4 | J92: عالية | K92: نفس ربط الكود فى يوليو: تطابق اسمى تام | L92: 1111115274
D94: إجمالى مشتريات سبتمبر | H94: =SUM(H4:H92)
D95: الإجمالى المطبوع بالتقرير | H95: 2217803.1
D96: منها: بلا مقابل بالجرد (مستبعدة) | H96: =SUMIF(I4:I92,"— بلا مقابل —",H4:H92)

Sheet رصيد أول المدة (31-8)
A1: رصيد أول المدة لسبتمبر = الجرد الفعلى المعدَّل 31/8 («جر د شهر 8.xlsx») × متوسط أغسطس
A2: متوسط أغسطس أُعيد احتسابه من مصادره (جرد 31/7 × متوسط يوليو + مشتريات أغسطس) وطوبق مع ملف «تسعير جرد اخر شهر ٨ -2».
A4: الصنف بجرد 31/8 | B4: كمية الجرد 31/8 | C4: متوسط أغسطس (إعادة احتساب) | D4: متوسط أغسطس بملف «-2» | E4: كمية الصنف بملف «-2» | F4: قيمة أول المدة | G4: مطابقة السعر | H4: ملاحظة
A5: بصل | B5: 500 | C5: 13.7773 | D5: 13.7773 | E5: 500 | F5: =IF(C5="","",B5*C5) | G5: =IF(OR(C5="",D5=""),"",IF(ABS(C5-D5)<0.00005,"✔","✘"))
A6: ثوم | B6: 1249.55 | C6: 25.0724 | D6: 25.0724 | E6: 1249.3 | F6: =IF(C6="","",B6*C6) | G6: =IF(OR(C6="",D6=""),"",IF(ABS(C6-D6)<0.00005,"✔","✘"))
A7: فلفل بارد | B7: 320 | C7: 9.1171 | D7: 9.1171 | E7: 320 | F7: =IF(C7="","",B7*C7) | G7: =IF(OR(C7="",D7=""),"",IF(ABS(C7-D7)<0.00005,"✔","✘"))
A8: مفروم فراخ شعبي | B8: 2120 | C8: 28.386 | D8: 28.386 | E8: 2120 | F8: =IF(C8="","",B8*C8) | G8: =IF(OR(C8="",D8=""),"",IF(ABS(C8-D8)<0.00005,"✔","✘"))
A9: صميد | B9: 1241 | C9: 16.1708 | D9: 16.1708 | E9: 1241 | F9: =IF(C9="","",B9*C9) | G9: =IF(OR(C9="",D9=""),"",IF(ABS(C9-D9)<0.00005,"✔","✘"))
A10: صويا لحمه | B10: 777 | C10: 36.8234 | D10: 36.8234 | E10: 777 | F10: =IF(C10="","",B10*C10) | G10: =IF(OR(C10="",D10=""),"",IF(ABS(C10-D10)<0.00005,"✔","✘"))
A11: صويا اوزيليت | B11: 151.5 | C11: 168.445 | D11: 168.445 | E11: 151.5 | F11: =IF(C11="","",B11*C11) | G11: =IF(OR(C11="",D11=""),"",IF(ABS(C11-D11)<0.00005,"✔","✘"))
A12: مفروم فراخ فاخر | B12: 415 | C12: 55.082 | D12: 55.082 | E12: 415 | F12: =IF(C12="","",B12*C12) | G12: =IF(OR(C12="",D12=""),"",IF(ABS(C12-D12)<0.00005,"✔","✘"))
A13: دهن بلدي | B13: 1754.85 | C13: 53.8106 | D13: 53.8106 | E13: 1754.85 | F13: =IF(C13="","",B13*C13) | G13: =IF(OR(C13="",D13=""),"",IF(ABS(C13-D13)<0.00005,"✔","✘"))
A14: لحم كتف | B14: 40 | C14: 253.0246 | D14: 253.0246 | E14: 40 | F14: =IF(C14="","",B14*C14) | G14: =IF(OR(C14="",D14=""),"",IF(ABS(C14-D14)<0.00005,"✔","✘"))
A15: لحم رقبه | B15: 60 | C15: 253.0246 | D15: 253.0246 | E15: 60 | F15: =IF(C15="","",B15*C15) | G15: =IF(OR(C15="",D15=""),"",IF(ABS(C15-D15)<0.00005,"✔","✘"))
A16: لحم سن | B16: 20 | C16: 253.0246 | D16: 253.0246 | E16: 20 | F16: =IF(C16="","",B16*C16) | G16: =IF(OR(C16="",D16=""),"",IF(ABS(C16-D16)<0.00005,"✔","✘"))
A17: لحمه ارباع | B17: 25 | C17: 253.0246 | D17: 253.0246 | E17: 25 | F17: =IF(C17="","",B17*C17) | G17: =IF(OR(C17="",D17=""),"",IF(ABS(C17-D17)<0.00005,"✔","✘"))
A18: سمانة هندي | B18: 0 | E18: 0 | F18: =IF(C18="","",B18*C18) | G18: =IF(OR(C18="",D18=""),"",IF(ABS(C18-D18)<0.00005,"✔","✘"))
A19: فلانك | B19: 110 | C19: 198.3869 | D19: 198.3869 | E19: 110 | F19: =IF(C19="","",B19*C19) | G19: =IF(OR(C19="",D19=""),"",IF(ABS(C19-D19)<0.00005,"✔","✘")) | H19: بملف «-2» وجرد سبتمبر باسم «فلانك + مجمل رصيد اللحمة بالنفق»
A20: برغل | B20: 3325 | C20: 21.2509 | D20: 21.2509 | E20: 3325 | F20: =IF(C20="","",B20*C20) | G20: =IF(OR(C20="",D20=""),"",IF(ABS(C20-D20)<0.00005,"✔","✘"))
A21: صويا فراخ | B21: 180 | C21: 46.8182 | D21: 46.8182 | E21: 180 | F21: =IF(C21="","",B21*C21) | G21: =IF(OR(C21="",D21=""),"",IF(ABS(C21-D21)<0.00005,"✔","✘"))
A22: كبده | B22: 63.304 | C22: 164.7217 | D22: 164.7217 | E22: 63.3 | F22: =IF(C22="","",B22*C22) | G22: =IF(OR(C22="",D22=""),"",IF(ABS(C22-D22)<0.00005,"✔","✘"))
A23: جلد | B23: 359 | C23: 28.8872 | D23: 28.8872 | E23: 359 | F23: =IF(C23="","",B23*C23) | G23: =IF(OR(C23="",D23=""),"",IF(ABS(C23-D23)<0.00005,"✔","✘"))
A24: هانك | B24: 118 | C24: 248.9842 | D24: 248.9842 | E24: 118 | F24: =IF(C24="","",B24*C24) | G24: =IF(OR(C24="",D24=""),"",IF(ABS(C24-D24)<0.00005,"✔","✘"))
A25: دوبريه | B25: 470 | C25: 95.2993 | D25: 95.2993 | E25: 470 | F25: =IF(C25="","",B25*C25) | G25: =IF(OR(C25="",D25=""),"",IF(ABS(C25-D25)<0.00005,"✔","✘"))
A26: فلفل رومي حامي | B26: 15.7 | C26: 14.6228 | D26: 14.6228 | E26: 15.7 | F26: =IF(C26="","",B26*C26) | G26: =IF(OR(C26="",D26=""),"",IF(ABS(C26-D26)<0.00005,"✔","✘"))
A27: فيليه | B27: 0 | C27: 195 | D27: 195 | E27: 0 | F27: =IF(C27="","",B27*C27) | G27: =IF(OR(C27="",D27=""),"",IF(ABS(C27-D27)<0.00005,"✔","✘"))
A28: بقسماط اصفر | B28: 0 | C28: 38.5 | D28: 38.5 | E28: 0 | F28: =IF(C28="","",B28*C28) | G28: =IF(OR(C28="",D28=""),"",IF(ABS(C28-D28)<0.00005,"✔","✘"))
A29: بقسماط ابيض | B29: 0 | E29: 0 | F29: =IF(C29="","",B29*C29) | G29: =IF(OR(C29="",D29=""),"",IF(ABS(C29-D29)<0.00005,"✔","✘"))
A30: بطاطس | B30: 0 | E30: 0 | F30: =IF(C30="","",B30*C30) | G30: =IF(OR(C30="",D30=""),"",IF(ABS(C30-D30)<0.00005,"✔","✘"))
A31: دوبرية بسطرمة (لحمة) | B31: 0 | C31: 185 | D31: 185 | E31: 0 | F31: =IF(C31="","",B31*C31) | G31: =IF(OR(C31="",D31=""),"",IF(ABS(C31-D31)<0.00005,"✔","✘"))
A32: قلب برازيلي | B32: 0 | C32: 245 | D32: 245 | E32: 0 | F32: =IF(C32="","",B32*C32) | G32: =IF(OR(C32="",D32=""),"",IF(ABS(C32-D32)<0.00005,"✔","✘"))
A33: بوش | B33: 0 | C33: 110 | D33: 110 | E33: 0 | F33: =IF(C33="","",B33*C33) | G33: =IF(OR(C33="",D33=""),"",IF(ABS(C33-D33)<0.00005,"✔","✘"))
A34: شعريه | B34: 0 | E34: 0 | F34: =IF(C34="","",B34*C34) | G34: =IF(OR(C34="",D34=""),"",IF(ABS(C34-D34)<0.00005,"✔","✘"))
A35: دقيق | B35: 0 | C35: 17.5 | D35: 17.5 | E35: 0 | F35: =IF(C35="","",B35*C35) | G35: =IF(OR(C35="",D35=""),"",IF(ABS(C35-D35)<0.00005,"✔","✘"))
A36: نشا | B36: 400 | C36: 26.974 | D36: 26.974 | E36: 400 | F36: =IF(C36="","",B36*C36) | G36: =IF(OR(C36="",D36=""),"",IF(ABS(C36-D36)<0.00005,"✔","✘"))
A37: فلفل اسود | B37: 36.38 | C37: 336.2615 | D37: 336.2615 | E37: 36.38 | F37: =IF(C37="","",B37*C37) | G37: =IF(OR(C37="",D37=""),"",IF(ABS(C37-D37)<0.00005,"✔","✘"))
A38: قرنفل | B38: 5.1 | C38: 510.4691 | D38: 510.4691 | E38: 5.1 | F38: =IF(C38="","",B38*C38) | G38: =IF(OR(C38="",D38=""),"",IF(ABS(C38-D38)<0.00005,"✔","✘"))
A39: كمون | B39: 14.9 | C39: 251.5284 | D39: 251.5284 | E39: 14.9 | F39: =IF(C39="","",B39*C39) | G39: =IF(OR(C39="",D39=""),"",IF(ABS(C39-D39)<0.00005,"✔","✘"))
A40: كرفس | B40: 0 | C40: 140 | D40: 140 | E40: 0 | F40: =IF(C40="","",B40*C40) | G40: =IF(OR(C40="",D40=""),"",IF(ABS(C40-D40)<0.00005,"✔","✘"))
A41: كبابه | B41: 10.6 | C41: 529.0464 | D41: 529.0464 | E41: 10.6 | F41: =IF(C41="","",B41*C41) | G41: =IF(OR(C41="",D41=""),"",IF(ABS(C41-D41)<0.00005,"✔","✘"))
A42: بقدونس | B42: 10 | C42: 110 | D42: 110 | E42: 10 | F42: =IF(C42="","",B42*C42) | G42: =IF(OR(C42="",D42=""),"",IF(ABS(C42-D42)<0.00005,"✔","✘"))
A43: لورا | B43: 12.5 | C43: 140.0911 | D43: 140.0911 | E43: 12.5 | F43: =IF(C43="","",B43*C43) | G43: =IF(OR(C43="",D43=""),"",IF(ABS(C43-D43)<0.00005,"✔","✘"))
A44: خلنجان | B44: 4.975 | C44: 125.4015 | D44: 125.4015 | E44: 4.97 | F44: =IF(C44="","",B44*C44) | G44: =IF(OR(C44="",D44=""),"",IF(ABS(C44-D44)<0.00005,"✔","✘"))
A45: كزبره | B45: 55 | C45: 74.8815 | D45: 74.8815 | E45: 55 | F45: =IF(C45="","",B45*C45) | G45: =IF(OR(C45="",D45=""),"",IF(ABS(C45-D45)<0.00005,"✔","✘"))
A46: قرفه | B46: 23.7 | C46: 130.1035 | D46: 130.1035 | E46: 23.7 | F46: =IF(C46="","",B46*C46) | G46: =IF(OR(C46="",D46=""),"",IF(ABS(C46-D46)<0.00005,"✔","✘"))
... A64: طعم شواي | B64: 17.5 | C64: 295 | D64: 295 | E64: 17.5 | F64: =IF(C64="","",B64*C64) | G64: =IF(OR(C64="",D64=""),"",IF(ABS(C64-D64)<0.00005,"✔","✘"))
A65: طعم دخان | B65: 0 | E65: 0 | F65: =IF(C65="","",B65*C65) | G65: =IF(OR(C65="",D65=""),"",IF(ABS(C65-D65)<0.00005,"✔","✘"))
A66: كربوناتو | B66: 1.35 | C66: 35 | D66: 35 | E66: 1.35 | F66: =IF(C66="","",B66*C66) | G66: =IF(OR(C66="",D66=""),"",IF(ABS(C66-D66)<0.00005,"✔","✘"))
A67: شرش بودر | B67: 21.95 | C67: 85 | D67: 85 | E67: 21.95 | F67: =IF(C67="","",B67*C67) | G67: =IF(OR(C67="",D67=""),"",IF(ABS(C67-D67)<0.00005,"✔","✘"))
A68: سكر | B68: 3.495 | C68: 28.2146 | D68: 28.2146 | E68: 3.49 | F68: =IF(C68="","",B68*C68) | G68: =IF(OR(C68="",D68=""),"",IF(ABS(C68-D68)<0.00005,"✔","✘"))
A69: فلفل ابيض | B69: 0 | C69: 78.6517 | D69: 78.6517 | E69: 0 | F69: =IF(C69="","",B69*C69) | G69: =IF(OR(C69="",D69=""),"",IF(ABS(C69-D69)<0.00005,"✔","✘"))
A70: لون طبيعي | B70: 10.665 | C70: 2971.0926 | D70: 2971.0926 | E70: 10.66 | F70: =IF(C70="","",B70*C70) | G70: =IF(OR(C70="",D70=""),"",IF(ABS(C70-D70)<0.00005,"✔","✘"))
A71: طعم فراخ | B71: 0 | E71: 0 | F71: =IF(C71="","",B71*C71) | G71: =IF(OR(C71="",D71=""),"",IF(ABS(C71-D71)<0.00005,"✔","✘"))
A72: زيوت بسطرمه | B72: 6 | C72: 784.1353 | D72: 784.1353 | E72: 6 | F72: =IF(C72="","",B72*C72) | G72: =IF(OR(C72="",D72=""),"",IF(ABS(C72-D72)<0.00005,"✔","✘"))
A73: ثوم بودر | B73: 0 | C73: 100 | D73: 100 | E73: 0 | F73: =IF(C73="","",B73*C73) | G73: =IF(OR(C73="",D73=""),"",IF(ABS(C73-D73)<0.00005,"✔","✘"))
A74: كامينا | B74: 4.33 | C74: 450 | D74: 450 | E74: 4.33 | F74: =IF(C74="","",B74*C74) | G74: =IF(OR(C74="",D74=""),"",IF(ABS(C74-D74)<0.00005,"✔","✘"))
A75: MX | B75: 34.6 | C75: 867.7283 | D75: 867.7283 | E75: 34.6 | F75: =IF(C75="","",B75*C75) | G75: =IF(OR(C75="",D75=""),"",IF(ABS(C75-D75)<0.00005,"✔","✘"))
A76: زيت سجق | B76: 2.4 | C76: 580 | D76: 580 | E76: 2.4 | F76: =IF(C76="","",B76*C76) | G76: =IF(OR(C76="",D76=""),"",IF(ABS(C76-D76)<0.00005,"✔","✘"))
A77: كمينا ابيض | B77: 18 | C77: 260 | D77: 260 | E77: 18 | F77: =IF(C77="","",B77*C77) | G77: =IF(OR(C77="",D77=""),"",IF(ABS(C77-D77)<0.00005,"✔","✘"))
A78: كروت كبده شرائح 350 | B78: 14451 | E78: 14451 | F78: =IF(C78="","",B78*C78) | G78: =IF(OR(C78="",D78=""),"",IF(ABS(C78-D78)<0.00005,"✔","✘")) | H78: بملف «-2» وجرد سبتمبر باسم «كروت كبده علب 350»
A79: اكياس افيز | B79: 731 | C79: 6.1668 | D79: 6.1668 | E79: 731 | F79: =IF(C79="","",B79*C79) | G79: =IF(OR(C79="",D79=""),"",IF(ABS(C79-D79)<0.00005,"✔","✘"))
A80: لازق | B80: 67 | C80: 30.2193 | D80: 30.2193 | E80: 67 | F80: =IF(C80="","",B80*C80) | G80: =IF(OR(C80="",D80=""),"",IF(ABS(C80-D80)<0.00005,"✔","✘"))
A81: كراتين ابوهاشم | B81: 754 | C81: 22.3768 | D81: 22.3768 | E81: 754 | F81: =IF(C81="","",B81*C81) | G81: =IF(OR(C81="",D81=""),"",IF(ABS(C81-D81)<0.00005,"✔","✘"))
A82: ورق برجر | B82: 489 | C82: 56.5 | D82: 56.5 | E82: 489 | F82: =IF(C82="","",B82*C82) | G82: =IF(OR(C82="",D82=""),"",IF(ABS(C82-D82)<0.00005,"✔","✘"))
A83: مزيل لماكينة التغليف | B83: 1 | E83: 1 | F83: =IF(C83="","",B83*C83) | G83: =IF(OR(C83="",D83=""),"",IF(ABS(C83-D83)<0.00005,"✔","✘"))
A84: اكياس برجر الهنا ص | B84: 708.5 | C84: 183.0439 | D84: 183.0439 | E84: 708.5 | F84: =IF(C84="","",B84*C84) | G84: =IF(OR(C84="",D84=""),"",IF(ABS(C84-D84)<0.00005,"✔","✘"))
A85: اكياس برجر الهنا ك | B85: 568.8 | C85: 203.0734 | D85: 203.0734 | E85: 568.8 | F85: =IF(C85="","",B85*C85) | G85: =IF(OR(C85="",D85=""),"",IF(ABS(C85-D85)<0.00005,"✔","✘"))
A86: اكياس كفتة الهنا ص | B86: 359.5 | C86: 196.7193 | D86: 196.7193 | E86: 359.5 | F86: =IF(C86="","",B86*C86) | G86: =IF(OR(C86="",D86=""),"",IF(ABS(C86-D86)<0.00005,"✔","✘"))
A87: اكياس كفته الهنا ك | B87: 470 | C87: 264.4955 | D87: 264.4955 | E87: 470 | F87: =IF(C87="","",B87*C87) | G87: =IF(OR(C87="",D87=""),"",IF(ABS(C87-D87)<0.00005,"✔","✘"))
A88: اكياس مفروم3ك | B88: 45.6 | C88: 115 | D88: 115 | E88: 45.6 | F88: =IF(C88="","",B88*C88) | G88: =IF(OR(C88="",D88=""),"",IF(ABS(C88-D88)<0.00005,"✔","✘"))
A89: اكياس سجق الهنا ك | B89: 494.7 | C89: 165 | D89: 165 | E89: 494.7 | F89: =IF(C89="","",B89*C89) | G89: =IF(OR(C89="",D89=""),"",IF(ABS(C89-D89)<0.00005,"✔","✘"))
A90: اكياس سجق الهنا ص | B90: 293 | C90: 206.4046 | D90: 206.4046 | E90: 293 | F90: =IF(C90="","",B90*C90) | G90: =IF(OR(C90="",D90=""),"",IF(ABS(C90-D90)<0.00005,"✔","✘"))
A91: اكياس سجق ابوهاشم ك | B91: 373 | C91: 165 | D91: 165 | E91: 373 | F91: =IF(C91="","",B91*C91) | G91: =IF(OR(C91="",D91=""),"",IF(ABS(C91-D91)<0.00005,"✔","✘"))
A92: اكياس كفته ابوهاشم ك | B92: 7 | C92: 165 | D92: 165 | E92: 7 | F92: =IF(C92="","",B92*C92) | G92: =IF(OR(C92="",D92=""),"",IF(ABS(C92-D92)<0.00005,"✔","✘"))
A93: اكياس برجر ابوهاشم ص | B93: 4.85 | C93: 165 | D93: 165 | E93: 4.85 | F93: =IF(C93="","",B93*C93) | G93: =IF(OR(C93="",D93=""),"",IF(ABS(C93-D93)<0.00005,"✔","✘"))
A94: اكياس كفته ابوهاشم ص | B94: 88.8 | C94: 165 | D94: 165 | E94: 88.8 | F94: =IF(C94="","",B94*C94) | G94: =IF(OR(C94="",D94=""),"",IF(ABS(C94-D94)<0.00005,"✔","✘"))
A95: اكياس مفروم صافي | B95: 46 | C95: 165 | D95: 165 | E95: 46 | F95: =IF(C95="","",B95*C95) | G95: =IF(OR(C95="",D95=""),"",IF(ABS(C95-D95)<0.00005,"✔","✘"))
A96: اكياس مفروم صويا | B96: 0 | E96: 0 | F96: =IF(C96="","",B96*C96) | G96: =IF(OR(C96="",D96=""),"",IF(ABS(C96-D96)<0.00005,"✔","✘"))
A97: اكياس سجق ابوهاشم 3ك | B97: 77 | C97: 119.4035 | D97: 119.4035 | E97: 77 | F97: =IF(C97="","",B97*C97) | G97: =IF(OR(C97="",D97=""),"",IF(ABS(C97-D97)<0.00005,"✔","✘"))
A98: اكياس سجق ابو هاشم ص | B98: 35.933 | C98: 165 | D98: 165 | E98: 35.93 | F98: =IF(C98="","",B98*C98) | G98: =IF(OR(C98="",D98=""),"",IF(ABS(C98-D98)<0.00005,"✔","✘"))
A99: اكياس برجر ابوهاشم 1.5 | B99: 5.29 | C99: 165 | D99: 165 | E99: 5.29 | F99: =IF(C99="","",B99*C99) | G99: =IF(OR(C99="",D99=""),"",IF(ABS(C99-D99)<0.00005,"✔","✘"))
A100: علب سوداء | B100: 140.474 | C100: 4.1162 | D100: 4.1162 | E100: 140.47 | F100: =IF(C100="","",B100*C100) | G100: =IF(OR(C100="",D100=""),"",IF(ABS(C100-D100)<0.00005,"✔","✘"))
A101: اطباق 1/2 | B101: 44700 | C101: 0.4488 | D101: 0.4488 | E101: 44700 | F101: =IF(C101="","",B101*C101) | G101: =IF(OR(C101="",D101=""),"",IF(ABS(C101-D101)<0.00005,"✔","✘"))
A102: اطباق 3/4 | B102: 21200 | C102: 0.5707 | D102: 0.5707 | E102: 21200 | F102: =IF(C102="","",B102*C102) | G102: =IF(OR(C102="",D102=""),"",IF(ABS(C102-D102)<0.00005,"✔","✘"))
A103: فرش البرجر 11*11 | B103: 260 | C103: 90.8231 | D103: 90.8231 | E103: 260 | F103: =IF(C103="","",B103*C103) | G103: =IF(OR(C103="",D103=""),"",IF(ABS(C103-D103)<0.00005,"✔","✘"))
A104: اكياس سجق الهنا 5ك | B104: 68.6 | C104: 115 | D104: 115 | E104: 68.6 | F104: =IF(C104="","",B104*C104) | G104: =IF(OR(C104="",D104=""),"",IF(ABS(C104-D104)<0.00005,"✔","✘"))
A105: فرش كفته | B105: 51.9 | C105: 87.9324 | D105: 87.9324 | E105: 51.9 | F105: =IF(C105="","",B105*C105) | G105: =IF(OR(C105="",D105=""),"",IF(ABS(C105-D105)<0.00005,"✔","✘"))
A106: فرش برانيك | B106: 48.65 | C106: 102.1166 | D106: 102.1166 | E106: 48.65 | F106: =IF(C106="","",B106*C106) | G106: =IF(OR(C106="",D106=""),"",IF(ABS(C106-D106)<0.00005,"✔","✘"))
A107: اكياس كبده 3ك | B107: 21.3 | C107: 115 | D107: 115 | E107: 21.3 | F107: =IF(C107="","",B107*C107) | G107: =IF(OR(C107="",D107=""),"",IF(ABS(C107-D107)<0.00005,"✔","✘"))
A108: كروت استربس | B108: 2000 | E108: 2000 | F108: =IF(C108="","",B108*C108) | G108: =IF(OR(C108="",D108=""),"",IF(ABS(C108-D108)<0.00005,"✔","✘"))
A109: كروت مفروم صافي 350 | B109: 9225 | E109: 9225 | F109: =IF(C109="","",B109*C109) | G109: =IF(OR(C109="",D109=""),"",IF(ABS(C109-D109)<0.00005,"✔","✘"))
A110: كروت مفروم صويا 350 | B110: 8786 | E110: 8786 | F110: =IF(C110="","",B110*C110) | G110: =IF(OR(C110="",D110=""),"",IF(ABS(C110-D110)<0.00005,"✔","✘"))
A111: اكياس بانيه الهنا | B111: 583.5 | C111: 165 | D111: 165 | E111: 583.5 | F111: =IF(C111="","",B111*C111) | G111: =IF(OR(C111="",D111=""),"",IF(ABS(C111-D111)<0.00005,"✔","✘"))
A112: اكياس s.p شفاف برجر | B112: 13.8 | C112: 165 | D112: 165 | E112: 13.8 | F112: =IF(C112="","",B112*C112) | G112: =IF(OR(C112="",D112=""),"",IF(ABS(C112-D112)<0.00005,"✔","✘"))
A113: كروت برجر أبو هاشم | B113: 2000 | E113: 2000 | F113: =IF(C113="","",B113*C113) | G113: =IF(OR(C113="",D113=""),"",IF(ABS(C113-D113)<0.00005,"✔","✘"))
A114: اكياس سجق s.p صغير | B114: 188.3 | C114: 165 | D114: 165 | E114: 188.3 | F114: =IF(C114="","",B114*C114) | G114: =IF(OR(C114="",D114=""),"",IF(ABS(C114-D114)<0.00005,"✔","✘"))
A115: اكياس سجق s.p كبير | B115: 360 | C115: 165 | D115: 165 | E115: 360 | F115: =IF(C115="","",B115*C115) | G115: =IF(OR(C115="",D115=""),"",IF(ABS(C115-D115)<0.00005,"✔","✘"))
A116: اكياس برجر s.p صغير | B116: 259.55 | C116: 231.916 | D116: 231.916 | E116: 260.15 | F116: =IF(C116="","",B116*C116) | G116: =IF(OR(C116="",D116=""),"",IF(ABS(C116-D116)<0.00005,"✔","✘"))
A117: اكياس كفته s.p صغير | B117: 456.35 | C117: 245.3606 | D117: 245.3606 | E117: 456.35 | F117: =IF(C117="","",B117*C117) | G117: =IF(OR(C117="",D117=""),"",IF(ABS(C117-D117)<0.00005,"✔","✘"))
A118: اكياس كفته s.p كبير | B118: 709 | C118: 165 | D118: 165 | E118: 709 | F118: =IF(C118="","",B118*C118) | G118: =IF(OR(C118="",D118=""),"",IF(ABS(C118-D118)<0.00005,"✔","✘"))
...

Sheet تفصيل الوصفات بأسعار سبتمبر
A1: تفصيل وصفات التصنيع بأسعار خامات سبتمبر (نفس كميات ومعاملات إنتاجية وصفات يونيه)
A3: الوصفة | B3: القسم | C3: الخامة بالوصفة | D3: الصنف المقابل بالجرد | E3: الكمية (كجم) | F3: سعر سبتمبر | G3: القيمة | H3: ملاحظة
A4: سجق ابوهاشم | B4: خلطة فرعية (توابل) | C4: فوسفات | D4: فوسفات | E4: 0.3 | F4: ='احتساب متوسط سبتمبر'!I56 | G4: =E4*F4 | H4: مطابقة سعر يونيه بالوصفة مع سعر الصنف بالجرد
A5: سجق ابوهاشم | B5: خلطة فرعية (توابل) | C5: جلتومات | D5: جلتومات | E5: 0.32 | F5: ='احتساب متوسط سبتمبر'!I57 | G5: =E5*F5 | H5: مطابقة سعر يونيه بالوصفة مع سعر الصنف بالجرد
A6: سجق ابوهاشم | B6: خلطة فرعية (توابل) | C6: طعم بسطرمة | D6: زيوت بسطرمه | E6: 0.04 | F6: ='احتساب متوسط سبتمبر'!I72 | G6: =E6*F6 | H6: مطابقة سعر يونيه بالوصفة مع سعر الصنف بالجرد
A7: سجق ابوهاشم | B7: خلطة فرعية (توابل) | C7: طعم سجق | D7: طعم سجق بودر | E7: 0.06 | F7: ='احتساب متوسط سبتمبر'!I58 | G7: =E7*F7 | H7: مطابقة سعر يونيه بالوصفة مع سعر الصنف بالجرد
A8: سجق ابوهاشم | B8: خلطة فرعية (توابل) | C8: فلفل اسود | D8: فلفل اسود | E8: 0.08 | F8: ='احتساب متوسط سبتمبر'!I37 | G8: =E8*F8 | H8: مطابقة سعر يونيه بالوصفة مع سعر الصنف بالجرد
A9: سجق ابوهاشم | B9: خلطة فرعية (توابل) | C9: كزبرة | D9: كزبره | E9: 0 | F9: ='احتساب متوسط سبتمبر'!I45 | G9: =E9*F9 | H9: مطابقة سعر يونيه بالوصفة مع سعر الصنف بالجرد
A10: سجق ابوهاشم | B10: خلطة فرعية (توابل) | C10: بابريكا | D10: بابريكا | E10: 0.15 | F10: ='احتساب متوسط سبتمبر'!I53 | G10: =E10*F10 | H10: مطابقة سعر يونيه بالوصفة مع سعر الصنف بالجرد
A11: سجق ابوهاشم | B11: خلطة فرعية (توابل) | C11: حلبه | D11: — | E11: 0 | F11: 0 | G11: =E11*F11 | H11: صنف غير موجود ضمن قاعدة بيانات الخامات المُسعّرة
A12: سجق ابوهاشم | B12: خلطة فرعية (توابل) | C12: قرنفل | D12: قرنفل | E12: 0.04 | F12: ='احتساب متوسط سبتمبر'!I38 | G12: =E12*F12 | H12: مطابقة سعر يونيه بالوصفة مع سعر الصنف بالجرد
A13: سجق ابوهاشم | B13: خلطة فرعية (توابل) | C13: قرفه | D13: قرفه | E13: 0.1 | F13: ='احتساب متوسط سبتمبر'!I46 | G13: =E13*F13 | H13: مطابقة سعر يونيه بالوصفة مع سعر الصنف بالجرد
A14: سجق ابوهاشم | B14: خلطة فرعية (توابل) | C14: شطه | D14: شطه | E14: 0.1 | F14: ='احتساب متوسط سبتمبر'!I48 | G14: =E14*F14 | H14: مطابقة سعر يونيه بالوصفة مع سعر الصنف بالجرد
A15: سجق ابوهاشم | B15: خلطة فرعية (توابل) | C15: ملح | D15: الملح | E15: 1.8 | F15: ='احتساب متوسط سبتمبر'!I55 | G15: =E15*F15 | H15: مطابقة سعر يونيه بالوصفة مع سعر الصنف بالجرد
A16: سجق ابوهاشم | B16: خلطة فرعية (توابل) | C16: ينسون | D16: ينسون | E16: 0.1 | F16: ='احتساب متوسط سبتمبر'!I50 | G16: =E16*F16 | H16: مطابقة سعر يونيه بالوصفة مع سعر الصنف بالجرد
A17: سجق ابوهاشم | B17: خلطة فرعية (توابل) | C17: لون | D17: لون طبيعي | E17: 0.15 | F17: ='احتساب متوسط سبتمبر'!I70 | G17: =E17*F17 | H17: مطابقة سعر يونيه بالوصفة مع سعر الصنف بالجرد
A18: سجق ابوهاشم | B18: خلطة فرعية (توابل) | C18: حبهان | D18: حبهان | E18: 0.03 | F18: ='احتساب متوسط سبتمبر'!I51 | G18: =E18*F18 | H18: مطابقة سعر يونيه بالوصفة مع سعر الصنف بالجرد
A19: سجق ابوهاشم | B19: إجمالى خلطة فرعية (توابل) | E19: =SUM(E4:E18) | F19: =G19/E19 | G19: =SUM(G4:G18)
A21: سجق ابوهاشم | B21: الوصفة الرئيسية | C21: مفروم فراخ فاخر | D21: مفروم فراخ فاخر | E21: 20 | F21: ='احتساب متوسط سبتمبر'!C12 | G21: =E21*F21 | H21: مؤقت: سعر أغسطس لحين حسم فاتورة الفراخ المفرومة
A22: سجق ابوهاشم | B22: الوصفة الرئيسية | C22: بصل | D22: بصل | E22: 10 | F22: ='احتساب متوسط سبتمبر'!I5 | G22: =E22*F22 | H22: مطابقة سعر يونيه بالوصفة مع سعر الصنف بالجرد
A23: سجق ابوهاشم | B23: الوصفة الرئيسية | C23: دهن | D23: دهن بلدي | E23: 10 | F23: ='احتساب متوسط سبتمبر'!I13 | G23: =E23*F23 | H23: مطابقة سعر يونيه بالوصفة مع سعر الصنف بالجرد
A24: سجق ابوهاشم | B24: الوصفة الرئيسية | C24: فلانك | D24: فلانك | E24: 20 | F24: ='احتساب متوسط سبتمبر'!I19 | G24: =E24*F24 | H24: مطابقة سعر يونيه بالوصفة مع سعر الصنف بالجرد
A25: سجق ابوهاشم | B25: الوصفة الرئيسية | C25: فلفل | D25: — | E25: 0 | F25: 0 | G25: =E25*F25 | H25: غير محدد النوع (فلفل اسود/احمر/اخضر) — لا يمكن تحديد سعر بدقة دون توضيح
A26: سجق ابوهاشم | B26: الوصفة الرئيسية | C26: توام | D26: ثوم | E26: 2 | F26: ='احتساب متوسط سبتمبر'!I6 | G26: =E26*F26 | H26: مطابقة سعر يونيه بالوصفة مع سعر الصنف بالجرد
A27: سجق ابوهاشم | B27: الوصفة الرئيسية | C27: صويا | D27: صويا لحمه | E27: 10 | F27: ='احتساب متوسط سبتمبر'!I10 | G27: =E27*F27 | H27: مطابقة سعر يونيه بالوصفة مع سعر الصنف بالجرد
A28: سجق ابوهاشم | B28: الوصفة الرئيسية | C28: بطاطس | D28: — | E28: 0 | F28: 0 | G28: =E28*F28 | H28: صنف غير موجود ضمن قاعدة بيانات الخامات المُسعّرة
A29: سجق ابوهاشم | B29: الوصفة الرئيسية | C29: برغل | D29: برغل | E29: 4 | F29: ='احتساب متوسط سبتمبر'!I20 | G29: =E29*F29 | H29: مطابقة سعر يونيه بالوصفة مع سعر الصنف بالجرد
A30: سجق ابوهاشم | B30: الوصفة الرئيسية | C30: جلد | D30: جلد | E30: 10 | F30: ='احتساب متوسط سبتمبر'!I23 | G30: =E30*F30 | H30: مطابقة سعر يونيه بالوصفة مع سعر الصنف بالجرد
A31: سجق ابوهاشم | B31: الوصفة الرئيسية | C31: مايه | D31: — | E31: 28 | F31: 0 | G31: =E31*F31 | H31: لا يوجد سعر شراء مسجل للمياه ضمن الخامات — عادة تكلفة مرافق غير مباشرة
A32: سجق ابوهاشم | B32: الوصفة الرئيسية | C32: دوبريه | D32: دوبريه | E32: 10 | F32: ='احتساب متوسط سبتمبر'!I25 | G32: =E32*F32 | H32: مطابقة سعر يونيه بالوصفة مع سعر الصنف بالجرد
A33: سجق ابوهاشم | B33: الوصفة الرئيسية | C33: نشا | D33: نشا | E33: 0 | F33: ='احتساب متوسط سبتمبر'!I36 | G33: =E33*F33 | H33: مطابقة سعر يونيه بالوصفة مع سعر الصنف بالجرد
A34: سجق ابوهاشم | B34: الوصفة الرئيسية | C34: توابيل | D34: سعر كجم الخلطة الفرعية | E34: 3.12 | F34: =F19 | G34: =E34*F34 | H34: سعر كجم الخلطة الفرعية
A35: سجق ابوهاشم | B35: إجمالى الوصفة الرئيسية | E35: =SUM(E21:E34) | G35: =SUM(G21:G34) | H35: سعر الكجم = قيمة الوصفة ÷ 98.96 كجم
A37: كفته ابوهاشم | B37: خلطة فرعية (توابل) | C37: فوسفات | D37: فوسفات | E37: 0.4 | F37: ='احتساب متوسط سبتمبر'!I56 | G37: =E37*F37 | H37: مطابقة سعر يونيه بالوصفة مع سعر الصنف بالجرد
A38: كفته ابوهاشم | B38: خلطة فرعية (توابل) | C38: مونوصوديم | D38: جلتومات | E38: 0.3 | F38: ='احتساب متوسط سبتمبر'!I57 | G38: =E38*F38 | H38: مطابقة سعر يونيه بالوصفة مع سعر الصنف بالجرد
A39: كفته ابوهاشم | B39: خلطة فرعية (توابل) | C39: طعم كفته | D39: طعم كفته | E39: 0 | F39: ='احتساب متوسط سبتمبر'!I61 | G39: =E39*F39 | H39: مطابقة سعر يونيه بالوصفة مع سعر الصنف بالجرد
A40: كفته ابوهاشم | B40: خلطة فرعية (توابل) | C40: طعم شواء | D40: طعم شواي | E40: 0.1 | F40: ='احتساب متوسط سبتمبر'!I64 | G40: =E40*F40 | H40: مطابقة سعر يونيه بالوصفة مع سعر الصنف بالجرد
A41: كفته ابوهاشم | B41: خلطة فرعية (توابل) | C41: طعم بيف | D41: طعم بيف | E41: 0.1 | F41: ='احتساب متوسط سبتمبر'!I63 | G41: =E41*F41 | H41: مطابقة سعر يونيه بالوصفة مع سعر الصنف بالجرد
A42: كفته ابوهاشم | B42: خلطة فرعية (توابل) | C42: خلنجان | D42: خلنجان | E42: 0 | F42: ='احتساب متوسط سبتمبر'!I44 | G42: =E42*F42 | H42: مطابقة سعر يونيه بالوصفة مع سعر الصنف بالجرد
A43: كفته ابوهاشم | B43: خلطة فرعية (توابل) | C43: فلفل اسود | D43: فلفل اسود | E43: 0.3 | F43: ='احتساب متوسط سبتمبر'!I37 | G43: =E43*F43 | H43: مطابقة سعر يونيه بالوصفة مع سعر الصنف بالجرد
A44: كفته ابوهاشم | B44: خلطة فرعية (توابل) | C44: كزبرة | D44: كزبره | E44: 0.05 | F44: ='احتساب متوسط سبتمبر'!I45 | G44: =E44*F44 | H44: مطابقة سعر يونيه بالوصفة مع سعر الصنف بالجرد
A45: كفته ابوهاشم | B45: خلطة فرعية (توابل) | C45: كبابة | D45: كبابه | E45: 0.04 | F45: ='احتساب متوسط سبتمبر'!I41 | G45: =E45*F45 | H45: مطابقة سعر يونيه بالوصفة مع سعر الصنف بالجرد
A46: كفته ابوهاشم | B46: خلطة فرعية (توابل) | C46: قرنفل | D46: قرنفل | E46: 0.01 | F46: ='احتساب متوسط سبتمبر'!I38 | G46: =E46*F46 | H46: مطابقة سعر يونيه بالوصفة مع سعر الصنف بالجرد
A47: كفته ابوهاشم | B47: خلطة فرعية (توابل) | C47: طعم ليه | D47: طعم ليه | E47: 0.05 | F47: ='احتساب متوسط سبتمبر'!I60 | G47: =E47*F47 | H47: مطابقة سعر يونيه بالوصفة مع سعر الصنف بالجرد
A48: كفته ابوهاشم | B48: خلطة فرعية (توابل) | C48: سكر | D48: سكر | E48: 0.025 | F48: ='احتساب متوسط سبتمبر'!I68 | G48: =E48*F48 | H48: مطابقة سعر يونيه بالوصفة مع سعر الصنف بالجرد
A49: كفته ابوهاشم | B49: خلطة فرعية (توابل) | C49: قرفه | D49: قرفه | E49: 0.025 | F49: ='احتساب متوسط سبتمبر'!I46 | G49: =E49*F49 | H49: مطابقة سعر يونيه بالوصفة مع سعر الصنف بالجرد
A50: كفته ابوهاشم | B50: خلطة فرعية (توابل) | C50: شطه | D50: شطه | E50: 0 | F50: ='احتساب متوسط سبتمبر'!I48 | G50: =E50*F50 | H50: مطابقة سعر يونيه بالوصفة مع سعر الصنف بالجرد
A51: كفته ابوهاشم | B51: خلطة فرعية (توابل) | C51: ملح | D51: الملح | E51: 1.2 | F51: ='احتساب متوسط سبتمبر'!I55 | G51: =E51*F51 | H51: مطابقة سعر يونيه بالوصفة مع سعر الصنف بالجرد
A52: كفته ابوهاشم | B52: إجمالى خلطة فرعية (توابل) | E52: =SUM(E37:E51) | F52: =G52/E52 | G52: =SUM(G37:G51)
A54: كفته ابوهاشم | B54: الوصفة الرئيسية | C54: فلانك | D54: فلانك | E54: 20 | F54: ='احتساب متوسط سبتمبر'!I19 | G54: =E54*F54 | H54: مطابقة سعر يونيه بالوصفة مع سعر الصنف بالجرد
A55: كفته ابوهاشم | B55: الوصفة الرئيسية | C55: مفروم فراخ فاخر | D55: مفروم فراخ فاخر | E55: 5 | F55: ='احتساب متوسط سبتمبر'!C12 | G55: =E55*F55 | H55: مؤقت: سعر أغسطس لحين حسم فاتورة الفراخ المفرومة
A56: كفته ابوهاشم | B56: الوصفة الرئيسية | C56: فلفل اخضر | D56: فلفل رومي حامي | E56: 2.5 | F56: ='احتساب متوسط سبتمبر'!I26 | G56: =E56*F56 | H56: مطابقة سعر يونيه بالوصفة مع سعر الصنف بالجرد
A57: كفته ابوهاشم | B57: الوصفة الرئيسية | C57: دهن | D57: دهن بلدي | E57: 9 | F57: ='احتساب متوسط سبتمبر'!I13 | G57: =E57*F57 | H57: مطابقة سعر يونيه بالوصفة مع سعر الصنف بالجرد
A58: كفته ابوهاشم | B58: الوصفة الرئيسية | C58: صويا | D58: صويا لحمه | E58: 7.5 | F58: ='احتساب متوسط سبتمبر'!I10 | G58: =E58*F58 | H58: مطابقة سعر يونيه بالوصفة مع سعر الصنف بالجرد
A59: كفته ابوهاشم | B59: الوصفة الرئيسية | C59: فلفل حار | D59: فلفل رومي حامي | E59: 0.2 | F59: ='احتساب متوسط سبتمبر'!I26 | G59: =E59*F59 | H59: مطابقة سعر يونيه بالوصفة مع سعر الصنف بالجرد
A60: كفته ابوهاشم | B60: الوصفة الرئيسية | C60: برغل | D60: برغل | E60: 0 | F60: ='احتساب متوسط سبتمبر'!I20 | G60: =E60*F60 | H60: مطابقة سعر يونيه بالوصفة مع سعر الصنف بالجرد
A61: كفته ابوهاشم | B61: الوصفة الرئيسية | C61: بصل | D61: بصل | E61: 6 | F61: ='احتساب متوسط سبتمبر'!I5 | G61: =E61*F61 | H61: مطابقة سعر يونيه بالوصفة مع سعر الصنف بالجرد
A62: كفته ابوهاشم | B62: الوصفة الرئيسية | C62: صويا ايزوليت | D62: صويا اوزيليت | E62: 1.2 | F62: ='احتساب متوسط سبتمبر'!I11 | G62: =E62*F62 | H62: مطابقة سعر يونيه بالوصفة مع سعر الصنف بالجرد
A63: كفته ابوهاشم | B63: الوصفة الرئيسية | C63: مايه | D63: — | E63: 15 | F63: 0 | G63: =E63*F63 | H63: لا يوجد سعر شراء مسجل للمياه ضمن الخامات — عادة تكلفة مرافق غير مباشرة
A64: كفته ابوهاشم | B64: الوصفة الرئيسية | C64: نشا | D64: نشا | E64: 2.5 | F64: ='احتساب متوسط سبتمبر'!I36 | G64: =E64*F64 | H64: مطابقة سعر يونيه بالوصفة مع سعر الصنف بالجرد
A65: كفته ابوهاشم | B65: الوصفة الرئيسية | C65: صميد | D65: صميد | E65: 2 | F65: ='احتساب متوسط سبتمبر'!I9 | G65: =E65*F65 | H65: مطابقة سعر يونيه بالوصفة مع سعر الصنف بالجرد
A66: كفته ابوهاشم | B66: الوصفة الرئيسية | C66: دبوبريه | D66: دوبريه | E66: 5 | F66: ='احتساب متوسط سبتمبر'!I25 | G66: =E66*F66 | H66: مطابقة سعر يونيه بالوصفة مع سعر الصنف بالجرد
A67: كفته ابوهاشم | B67: الوصفة الرئيسية | C67: توابيل | D67: سعر كجم الخلطة الفرعية | E67: 2.6 | F67: =F52 | G67: =E67*F67 | H67: سعر كجم الخلطة الفرعية
A68: كفته ابوهاشم | B68: إجمالى الوصفة الرئيسية | E68: =SUM(E54:E67) | G68: =SUM(G54:G67) | H68: سعر الكجم = قيمة الوصفة ÷ 78.5 كجم
A70: برجر ابوهاشم | B70: خلطة فرعية (توابل) | C70: فوسفات | D70: فوسفات | E70: 0.25 | F70: ='احتساب متوسط سبتمبر'!I56 | G70: =E70*F70 | H70: مطابقة سعر يونيه بالوصفة مع سعر الصنف بالجرد
A71: برجر ابوهاشم | B71: خلطة فرعية (توابل) | C71: مونوصوديم | D71: جلتومات | E71: 0.2 | F71: ='احتساب متوسط سبتمبر'!I57 | G71: =E71*F71 | H71: مطابقة سعر يونيه بالوصفة مع سعر الصنف بالجرد
A72: برجر ابوهاشم | B72: خلطة فرعية (توابل) | C72: طعم برجر | D72: طعم برجر | E72: 0.1 | F72: ='احتساب متوسط سبتمبر'!I62 | G72: =E72*F72 | H72: مطابقة سعر يونيه بالوصفة مع سعر الصنف بالجرد
A73: برجر ابوهاشم | B73: خلطة فرعية (توابل) | C73: طعم دخان | D73: — | E73: 0 | F73: 0 | G73: =E73*F73 | H73: صنف غير موجود ضمن قاعدة بيانات الخامات المُسعّرة
A74: برجر ابوهاشم | B74: خلطة فرعية (توابل) | C74: طعم بيف | D74: طعم بيف | E74: 0.15 | F74: ='احتساب متوسط سبتمبر'!I63 | G74: =E74*F74 | H74: مطابقة سعر يونيه بالوصفة مع سعر الصنف بالجرد
A75: برجر ابوهاشم | B75: خلطة فرعية (توابل) | C75: قرفه | D75: قرفه | E75: 0.05 | F75: ='احتساب متوسط سبتمبر'!I46 | G75: =E75*F75 | H75: مطابقة سعر يونيه بالوصفة مع سعر الصنف بالجرد
A76: برجر ابوهاشم | B76: خلطة فرعية (توابل) | C76: فلفل اسود | D76: فلفل اسود | E76: 0.25 | F76: ='احتساب متوسط سبتمبر'!I37 | G76: =E76*F76 | H76: مطابقة سعر يونيه بالوصفة مع سعر الصنف بالجرد
A77: برجر ابوهاشم | B77: خلطة فرعية (توابل) | C77: كزبرة | D77: كزبره | E77: 0.07 | F77: ='احتساب متوسط سبتمبر'!I45 | G77: =E77*F77 | H77: مطابقة سعر يونيه بالوصفة مع سعر الصنف بالجرد
A78: برجر ابوهاشم | B78: خلطة فرعية (توابل) | C78: كبابة | D78: كبابه | E78: 0 | F78: ='احتساب متوسط سبتمبر'!I41 | G78: =E78*F78 | H78: مطابقة سعر يونيه بالوصفة مع سعر الصنف بالجرد
A79: برجر ابوهاشم | B79: خلطة فرعية (توابل) | C79: قرنفل | D79: قرنفل | E79: 0.025 | F79: ='احتساب متوسط سبتمبر'!I38 | G79: =E79*F79 | H79: مطابقة سعر يونيه بالوصفة مع سعر الصنف بالجرد
A80: برجر ابوهاشم | B80: خلطة فرعية (توابل) | C80: زعتر | D80: زعتر | E80: 0 | F80: ='احتساب متوسط سبتمبر'!I47 | G80: =E80*F80 | H80: مطابقة سعر يونيه بالوصفة مع سعر الصنف بالجرد
A81: برجر ابوهاشم | B81: خلطة فرعية (توابل) | C81: شطه | D81: شطه | E81: 0.01 | F81: ='احتساب متوسط سبتمبر'!I48 | G81: =E81*F81 | H81: مطابقة سعر يونيه بالوصفة مع سعر الصنف بالجرد
A82: برجر ابوهاشم | B82: خلطة فرعية (توابل) | C82: ملح | D82: الملح | E82: 0.8 | F82: ='احتساب متوسط سبتمبر'!I55 | G82: =E82*F82 | H82: مطابقة سعر يونيه بالوصفة مع سعر الصنف بالجرد
A83: برجر ابوهاشم | B83: إجمالى خلطة فرعية (توابل) | E83: =SUM(E70:E82) | F83: =G83/E83 | G83: =SUM(G70:G82)
A85: برجر ابوهاشم | B85: الوصفة الرئيسية | C85: لحمه | D85: @مجمع اللحوم الهندى | E85: 12 | F85: ='احتساب متوسط سبتمبر'!I174 | G85: =E85*F85 | H85: سعر مجمّع اللحوم الهندى
A86: برجر ابوهاشم | B86: الوصفة الرئيسية | C86: بوش/دهن | D86: دهن بلدي | E86: 5 | F86: ='احتساب متوسط سبتمبر'!I13 | G86: =E86*F86 | H86: مطابقة سعر يونيه بالوصفة مع سعر الصنف بالجرد
A87: برجر ابوهاشم | B87: الوصفة الرئيسية | C87: دوبريه | D87: دوبريه | E87: 6 | F87: ='احتساب متوسط سبتمبر'!I25 | G87: =E87*F87 | H87: مطابقة سعر يونيه بالوصفة مع سعر الصنف بالجرد
A88: برجر ابوهاشم | B88: الوصفة الرئيسية | C88: صويا | D88: صويا لحمه | E88: 6 | F88: ='احتساب متوسط سبتمبر'!I10 | G88: =E88*F88 | H88: مطابقة سعر يونيه بالوصفة مع سعر الصنف بالجرد
A89: برجر ابوهاشم | B89: الوصفة الرئيسية | C89: بصل | D89: بصل | E89: 4 | F89: ='احتساب متوسط سبتمبر'!I5 | G89: =E89*F89 | H89: مطابقة سعر يونيه بالوصفة مع سعر الصنف بالجرد
A90: برجر ابوهاشم | B90: الوصفة الرئيسية | C90: صميد | D90: صميد | E90: 1 | F90: ='احتساب متوسط سبتمبر'!I9 | G90: =E90*F90 | H90: مطابقة سعر يونيه بالوصفة مع سعر الصنف بالجرد
A91: برجر ابوهاشم | B91: الوصفة الرئيسية | C91: ثوم | D91: ثوم | E91: 0.5 | F91: ='احتساب متوسط سبتمبر'!I6 | G91: =E91*F91 | H91: مطابقة سعر يونيه بالوصفة مع سعر الصنف بالجرد
A92: برجر ابوهاشم | B92: الوصفة الرئيسية | C92: نشا | D92: نشا | E92: 2 | F92: ='احتساب متوسط سبتمبر'!I36 | G92: =E92*F92 | H92: مطابقة سعر يونيه بالوصفة مع سعر الصنف بالجرد
A93: برجر ابوهاشم | B93: الوصفة الرئيسية | C93: برغل | D93: برغل | E93: 4 | F93: ='احتساب متوسط سبتمبر'!I20 | G93: =E93*F93 | H93: مطابقة سعر يونيه بالوصفة مع سعر الصنف بالجرد
A94: برجر ابوهاشم | B94: الوصفة الرئيسية | C94: صويا ايزوليت | D94: صويا اوزيليت | E94: 0.25 | F94: ='احتساب متوسط سبتمبر'!I11 | G94: =E94*F94 | H94: مطابقة سعر يونيه بالوصفة مع سعر الصنف بالجرد
A95: برجر ابوهاشم | B95: الوصفة الرئيسية | C95: مفروم | D95: مفروم فراخ شعبي | E95: 6 | F95: ='احتساب متوسط سبتمبر'!C8 | G95: =E95*F95 | H95: مؤقت: سعر أغسطس لحين حسم فاتورة الفراخ المفرومة
A96: برجر ابوهاشم | B96: الوصفة الرئيسية | C96: مياه | D96: — | E96: 14 | F96: 0 | G96: =E96*F96 | H96: لا يوجد سعر شراء مسجل للمياه ضمن الخامات — عادة تكلفة مرافق غير مباشرة
A97: برجر ابوهاشم | B97: الوصفة الرئيسية | C97: توابيل | D97: سعر كجم الخلطة الفرعية | E97: 1.905 | F97: =F83 | G97: =E97*F97 | H97: سعر كجم الخلطة الفرعية
A98: برجر ابوهاشم | B98: إجمالى الوصفة الرئيسية | E98: =SUM(E85:E97) | G98: =SUM(G85:G97) | H98: سعر الكجم = قيمة الوصفة ÷ 62.655 كجم
A100: برجر اسبشيال | B100: الوصفة الرئيسية | C100: مفروم فراخ شعبى | D100: مفروم فراخ شعبي | E100: 80 | F100: ='احتساب متوسط سبتمبر'!C8 | G100: =E100*F100 | H100: مؤقت: سعر أغسطس لحين حسم فاتورة الفراخ المفرومة
A101: برجر اسبشيال | B101: الوصفة الرئيسية | C101: دهن | D101: دهن بلدي | E101: 28 | F101: ='احتساب متوسط سبتمبر'!I13 | G101: =E101*F101 | H101: مطابقة سعر يونيه بالوصفة مع سعر الصنف بالجرد
A102: برجر اسبشيال | B102: الوصفة الرئيسية | C102: فلفل احمر | D102: — (سعر ثابت بالوصفة) | E102: 25 | F102: 13 | G102: =E102*F102 | H102: لا يقابله صنف بالجرد — السعر ثابت كما بالوصفة
A103: برجر اسبشيال | B103: الوصفة الرئيسية | C103: صويا | D103: صويا لحمه | E103: 43 | F103: ='احتساب متوسط سبتمبر'!I10 | G103: =E103*F103 | H103: مطابقة سعر يونيه بالوصفة مع سعر الصنف بالجرد
A104: برجر اسبشيال | B104: الوصفة الرئيسية | C104: فلفل اخضر حار | D104: فلفل رومي حامي | E104: 2 | F104: ='احتساب متوسط سبتمبر'!I26 | G104: =E104*F104 | H104: مطابقة سعر يونيه بالوصفة مع سعر الصنف بالجرد
A105: برجر اسبشيال | B105: الوصفة الرئيسية | C105: برغل | D105: برغل | E105: 28 | F105: ='احتساب متوسط سبتمبر'!I20 | G105: =E105*F105 | H105: مطابقة سعر يونيه بالوصفة مع سعر الصنف بالجرد
A106: برجر اسبشيال | B106: الوصفة الرئيسية | C106: نشا | D106: نشا | E106: 24 | F106: ='احتساب متوسط سبتمبر'!I36 | G106: =E106*F106 | H106: مطابقة سعر يونيه بالوصفة مع سعر الصنف بالجرد
A107: برجر اسبشيال | B107: الوصفة الرئيسية | C107: شعرية | D107: — | E107: 0 | F107: 0 | G107: =E107*F107 | H107: صنف غير موجود ضمن قاعدة بيانات الخامات المُسعّرة
...

Sheet سعر الكجم من الوصفات
A1: سعر كيلو الخلطة لكل منتج (خامات مباشرة فقط) — أغسطس مقابل سبتمبر
A3: المنتج | B3: العلامة | C3: قيمة الوصفة (أغسطس) | D3: قيمة الوصفة (سبتمبر) | E3: سعر الكجم (أغسطس) | F3: سعر الكجم (سبتمبر) | G3: التغير % | H3: معامل الإنتاجية (كجم)
A4: سجق ابوهاشم | B4: أبو هاشم | C4: 8167.9465 | D4: ='تفصيل الوصفات بأسعار سبتمبر'!G35 | E4: 82.537832 | F4: =D4/H4 | G4: =F4/E4-1 | H4: 98.960031
A5: كفته ابوهاشم | B5: أبو هاشم | C5: 6204.1825 | D5: ='تفصيل الوصفات بأسعار سبتمبر'!G68 | E5: 79.034172 | F5: =D5/H5 | G5: =F5/E5-1 | H5: 78.5
A6: برجر ابوهاشم | B6: أبو هاشم | C6: 4776.136 | D6: ='تفصيل الوصفات بأسعار سبتمبر'!G98 | E6: 76.229127 | F6: =D6/H6 | G6: =F6/E6-1 | H6: 62.655
A7: برجر اسبشيال | B7: سبيشال | C7: 9320.5612 | D7: ='تفصيل الوصفات بأسعار سبتمبر'!G123 | E7: 23.632854 | F7: =D7/H7 | G7: =F7/E7-1 | H7: 394.39
A8: سجق اسبشيال | B8: سبيشال | C8: 5610.9726 | D8: ='تفصيل الوصفات بأسعار سبتمبر'!G149 | E8: 24.538617 | F8: =D8/H8 | G8: =F8/E8-1 | H8: 228.65888
A9: كفته اسبشيال | B9: سبيشال | C9: 11366.585 | D9: ='تفصيل الوصفات بأسعار سبتمبر'!G179 | E9: 31.107238 | F9: =D9/H9 | G9: =F9/E9-1 | H9: 365.4
A10: سجق الهنا | B10: الهنا | C10: 5372.8626 | D10: ='تفصيل الوصفات بأسعار سبتمبر'!G206 | E10: 23.641919 | F10: =D10/H10 | G10: =F10/E10-1 | H10: 227.26
A11: برجر الهنا | B11: الهنا | C11: 10415.404 | D11: ='تفصيل الوصفات بأسعار سبتمبر'!G227 | E11: 24.216802 | F11: =D11/H11 | G11: =F11/E11-1 | H11: 430.09
A12: كفته الهنا | B12: الهنا | C12: 9320.5612 | D12: ='تفصيل الوصفات بأسعار سبتمبر'!G252 | E12: 23.632854 | F12: =D12/H12 | G12: =F12/E12-1 | H12: 394.39

Sheet المنتج التام آخر سبتمبر
A1: تقييم مخزون المنتج التام آخر سبتمبر 2026 (الوصفات بأسعار خامات سبتمبر + تكلفة التعبئة)
A3: اسم الصنف | B3: كمية الجرد 30/9 | C3: سعر أغسطس | D3: سعر سبتمبر | E3: التغير % | F3: قيمة المخزون 30/9 | G3: ملاحظة
A4: مفروم ابو هاشم 350 | B4: 145 | C4: 84.61 | D4: 84.61 | E4: =IF(OR(C4="",D4=""),"",D4/C4-1) | F4: =IF(D4="","",B4*D4) | G4: خارج الوصفات التسع — آخر سعر متاح (أغسطس، ملف «-2»): خارج نطاق الوصفات التسع — سعر يوليو مُبقًى دون تحديث
A5: مفروم صافي ابوهاشم 500 | B5: 0 | C5: 126 | D5: 126 | E5: =IF(OR(C5="",D5=""),"",D5/C5-1) | F5: =IF(D5="","",B5*D5) | G5: خارج الوصفات التسع — آخر سعر متاح (أغسطس، ملف «-2»): خارج نطاق الوصفات التسع — سعر يوليو مُبقًى دون تحديث
A6: كبده اسكندراني 370 | B6: 248 | C6: 64.1 | D6: 64.1 | E6: =IF(OR(C6="",D6=""),"",D6/C6-1) | F6: =IF(D6="","",B6*D6) | G6: خارج الوصفات التسع — آخر سعر متاح (أغسطس، ملف «-2»): خارج نطاق الوصفات التسع — سعر يوليو مُبقًى دون تحديث
A7: سجق ابوهاشم 3ك | B7: 111 | C7: 256.8435 | D7: =ROUND(3*'سعر الكجم من الوصفات'!F4+9.23,4) | E7: =IF(OR(C7="",D7=""),"",D7/C7-1) | F7: =IF(D7="","",B7*D7) | G7: من وصفة «سجق ابوهاشم»: 3 كجم × سعر كجم سبتمبر + تعبئة 9.23 ج.م | مؤقت: الوصفة تستخدم مفروم الفراخ بسعر أغسطس لحين حسم الفاتورة
A8: سجق ابوهاشم 1ك | B8: 0 | C8: 82.5378 | D8: =ROUND(1*'سعر الكجم من الوصفات'!F4+0,4) | E8: =IF(OR(C8="",D8=""),"",D8/C8-1) | F8: =IF(D8="","",B8*D8) | G8: من وصفة «سجق ابوهاشم»: 1 كجم × سعر كجم سبتمبر بدون تكلفة تعبئة (غير محددة بالوصفة) | مؤقت: الوصفة تستخدم مفروم الفراخ بسعر أغسطس لحين حسم الفاتورة
A9: سجق ابوهاشم 800 | B9: 101 | C9: 72.3003 | D9: =ROUND(0.8*'سعر الكجم من الوصفات'!F4+6.27,4) | E9: =IF(OR(C9="",D9=""),"",D9/C9-1) | F9: =IF(D9="","",B9*D9) | G9: من وصفة «سجق ابوهاشم»: 0.8 كجم × سعر كجم سبتمبر + تعبئة 6.27 ج.م | مؤقت: الوصفة تستخدم مفروم الفراخ بسعر أغسطس لحين حسم الفاتورة
A10: سجق ابوهاشم 350 | B10: 36 | C10: 33.5583 | D10: =ROUND(0.35*'سعر الكجم من الوصفات'!F4+4.67,4) | E10: =IF(OR(C10="",D10=""),"",D10/C10-1) | F10: =IF(D10="","",B10*D10) | G10: من وصفة «سجق ابوهاشم»: 0.35 كجم × سعر كجم سبتمبر + تعبئة 4.67 ج.م | مؤقت: الوصفة تستخدم مفروم الفراخ بسعر أغسطس لحين حسم الفاتورة
A11: كفته ابوهاشم 800 | B11: 23 | C11: 68.579 | D11: =ROUND(0.8*'سعر الكجم من الوصفات'!F5+5.35,4) | E11: =IF(OR(C11="",D11=""),"",D11/C11-1) | F11: =IF(D11="","",B11*D11) | G11: من وصفة «كفته ابوهاشم»: 0.8 كجم × سعر كجم سبتمبر + تعبئة 5.35 ج.م | مؤقت: الوصفة تستخدم مفروم الفراخ بسعر أغسطس لحين حسم الفاتورة
A12: كفته ابوهاشم 350 | B12: 34 | C12: 32.1627 | D12: =ROUND(0.35*'سعر الكجم من الوصفات'!F5+4.5,4) | E12: =IF(OR(C12="",D12=""),"",D12/C12-1) | F12: =IF(D12="","",B12*D12) | G12: من وصفة «كفته ابوهاشم»: 0.35 كجم × سعر كجم سبتمبر + تعبئة 4.50 ج.م | مؤقت: الوصفة تستخدم مفروم الفراخ بسعر أغسطس لحين حسم الفاتورة
A13: برجر ابوهاشم 1.5 | B13: 18 | C13: 120.4126 | D13: =ROUND(1.5*'سعر الكجم من الوصفات'!F6+6.07,4) | E13: =IF(OR(C13="",D13=""),"",D13/C13-1) | F13: =IF(D13="","",B13*D13) | G13: من وصفة «برجر ابوهاشم»: 1.5 كجم × سعر كجم سبتمبر + تعبئة 6.07 ج.م | مؤقت: الوصفة تستخدم مفروم الفراخ بسعر أغسطس لحين حسم الفاتورة
A14: برجر ابوهاشم1100 | B14: 0 | C14: 83.852 | D14: =ROUND(1.1*'سعر الكجم من الوصفات'!F6+0,4) | E14: =IF(OR(C14="",D14=""),"",D14/C14-1) | F14: =IF(D14="","",B14*D14) | G14: من وصفة «برجر ابوهاشم»: 1.1 كجم × سعر كجم سبتمبر بدون تكلفة تعبئة (غير محددة بالوصفة) | مؤقت: الوصفة تستخدم مفروم الفراخ بسعر أغسطس لحين حسم الفاتورة
A15: برجر ابو هاشم 800 | B15: 0 | C15: 60.9833 | D15: =ROUND(0.8*'سعر الكجم من الوصفات'!F6+0,4) | E15: =IF(OR(C15="",D15=""),"",D15/C15-1) | F15: =IF(D15="","",B15*D15) | G15: من وصفة «برجر ابوهاشم»: 0.8 كجم × سعر كجم سبتمبر بدون تكلفة تعبئة (غير محددة بالوصفة) | مؤقت: الوصفة تستخدم مفروم الفراخ بسعر أغسطس لحين حسم الفاتورة
A16: برجر ابوهاشم 600 | B16: 0 | C16: 51.7274 | D16: =ROUND(0.6*'سعر الكجم من الوصفات'!F6+5.99,4) | E16: =IF(OR(C16="",D16=""),"",D16/C16-1) | F16: =IF(D16="","",B16*D16) | G16: من وصفة «برجر ابوهاشم»: 0.6 كجم × سعر كجم سبتمبر + تعبئة 5.99 ج.م | مؤقت: الوصفة تستخدم مفروم الفراخ بسعر أغسطس لحين حسم الفاتورة
A17: برجر ابوهاشم 400 | B17: 121 | C17: 35.4817 | D17: =ROUND(0.4*'سعر الكجم من الوصفات'!F6+4.99,4) | E17: =IF(OR(C17="",D17=""),"",D17/C17-1) | F17: =IF(D17="","",B17*D17) | G17: من وصفة «برجر ابوهاشم»: 0.4 كجم × سعر كجم سبتمبر + تعبئة 4.99 ج.م | مؤقت: الوصفة تستخدم مفروم الفراخ بسعر أغسطس لحين حسم الفاتورة
A18: شاورما 400 | B18: 0 | E18: =IF(OR(C18="",D18=""),"",D18/C18-1) | F18: =IF(D18="","",B18*D18) | G18: بلا وصفة ولا سعر سابق — يلزم توفير سعره
A19: بفتيك 400 | B19: 0 | E19: =IF(OR(C19="",D19=""),"",D19/C19-1) | F19: =IF(D19="","",B19*D19) | G19: بلا وصفة ولا سعر سابق — يلزم توفير سعره
A20: قطع 400 | B20: 0 | E20: =IF(OR(C20="",D20=""),"",D20/C20-1) | F20: =IF(D20="","",B20*D20) | G20: بلا وصفة ولا سعر سابق — يلزم توفير سعره
A21: قطع 800 | B21: 0 | E21: =IF(OR(C21="",D21=""),"",D21/C21-1) | F21: =IF(D21="","",B21*D21) | G21: بلا وصفة ولا سعر سابق — يلزم توفير سعره
A22: مفروم ابو هاشم 3 ك | B22: 9 | E22: =IF(OR(C22="",D22=""),"",D22/C22-1) | F22: =IF(D22="","",B22*D22) | G22: بلا وصفة ولا سعر سابق — يلزم توفير سعره
A23: سجق ابو هاشم 2 ك | B23: 0 | C23: 165.0757 | D23: =ROUND(2*'سعر الكجم من الوصفات'!F4+0,4) | E23: =IF(OR(C23="",D23=""),"",D23/C23-1) | F23: =IF(D23="","",B23*D23) | G23: من وصفة «سجق ابوهاشم»: 2 كجم × سعر كجم سبتمبر بدون تكلفة تعبئة (غير محددة بالوصفة) | مؤقت: الوصفة تستخدم مفروم الفراخ بسعر أغسطس لحين حسم الفاتورة
A24: كبده امريكي3 ك | B24: 0 | E24: =IF(OR(C24="",D24=""),"",D24/C24-1) | F24: =IF(D24="","",B24*D24) | G24: بلا وصفة ولا سعر سابق — يلزم توفير سعره
A25: مفروم صويا-بروتين 400 ش | B25: 0 | E25: =IF(OR(C25="",D25=""),"",D25/C25-1) | F25: =IF(D25="","",B25*D25) | G25: بلا وصفة ولا سعر سابق — يلزم توفير سعره
A26: مفروم صويا-بروتين 400 علب | B26: 0 | E26: =IF(OR(C26="",D26=""),"",D26/C26-1) | F26: =IF(D26="","",B26*D26) | G26: بلا وصفة ولا سعر سابق — يلزم توفير سعره
A27: برجر ابوهاشم 1200 | B27: 0 | C27: 97.655 | D27: =ROUND(1.2*'سعر الكجم من الوصفات'!F6+6.18,4) | E27: =IF(OR(C27="",D27=""),"",D27/C27-1) | F27: =IF(D27="","",B27*D27) | G27: من وصفة «برجر ابوهاشم»: 1.2 كجم × سعر كجم سبتمبر + تعبئة 6.18 ج.م | مؤقت: الوصفة تستخدم مفروم الفراخ بسعر أغسطس لحين حسم الفاتورة
A28: كبده اك | B28: 0 | E28: =IF(OR(C28="",D28=""),"",D28/C28-1) | F28: =IF(D28="","",B28*D28) | G28: بلا وصفة ولا سعر سابق — يلزم توفير سعره
A29: برجر ابوهاشم 1000 | B29: 33 | C29: 81.8291 | D29: =ROUND(1*'سعر الكجم من الوصفات'!F6+5.6,4) | E29: =IF(OR(C29="",D29=""),"",D29/C29-1) | F29: =IF(D29="","",B29*D29) | G29: من وصفة «برجر ابوهاشم»: 1 كجم × سعر كجم سبتمبر + تعبئة 5.60 ج.م | مؤقت: الوصفة تستخدم مفروم الفراخ بسعر أغسطس لحين حسم الفاتورة
A30: ممبار | B30: 0 | E30: =IF(OR(C30="",D30=""),"",D30/C30-1) | F30: =IF(D30="","",B30*D30) | G30: بلا وصفة ولا سعر سابق — يلزم توفير سعره
A31: عجينة سجق ابوهاشم 1ك | B31: 0 | C31: 82.5378 | D31: =ROUND(1*'سعر الكجم من الوصفات'!F4+0,4) | E31: =IF(OR(C31="",D31=""),"",D31/C31-1) | F31: =IF(D31="","",B31*D31) | G31: من وصفة «سجق ابوهاشم»: 1 كجم × سعر كجم سبتمبر بدون تكلفة تعبئة (غير محددة بالوصفة) | مؤقت: الوصفة تستخدم مفروم الفراخ بسعر أغسطس لحين حسم الفاتورة
A32: عجينة كفته ابو هاشم 5 ك | B32: 0 | C32: 395.1817 | D32: =ROUND(5*'سعر الكجم من الوصفات'!F5+0,4) | E32: =IF(OR(C32="",D32=""),"",D32/C32-1) | F32: =IF(D32="","",B32*D32) | G32: من وصفة «كفته ابوهاشم»: 5 كجم × سعر كجم سبتمبر بدون تكلفة تعبئة (غير محددة بالوصفة) | مؤقت: الوصفة تستخدم مفروم الفراخ بسعر أغسطس لحين حسم الفاتورة
A33: كفتة ابو هاشم 1ك | B33: 0 | C33: 79.0364 | D33: =ROUND(1*'سعر الكجم من الوصفات'!F5+0,4) | E33: =IF(OR(C33="",D33=""),"",D33/C33-1) | F33: =IF(D33="","",B33*D33) | G33: من وصفة «كفته ابوهاشم»: 1 كجم × سعر كجم سبتمبر بدون تكلفة تعبئة (غير محددة بالوصفة) | مؤقت: الوصفة تستخدم مفروم الفراخ بسعر أغسطس لحين حسم الفاتورة
A34: كيس كبده 3 ك برازيلي | B34: 0 | E34: =IF(OR(C34="",D34=""),"",D34/C34-1) | F34: =IF(D34="","",B34*D34) | G34: بلا وصفة ولا سعر سابق — يلزم توفير سعره
A35: سجق ابو هاشم 1.5 ك | B35: 0 | C35: 123.8068 | D35: =ROUND(1.5*'سعر الكجم من الوصفات'!F4+0,4) | E35: =IF(OR(C35="",D35=""),"",D35/C35-1) | F35: =IF(D35="","",B35*D35) | G35: من وصفة «سجق ابوهاشم»: 1.5 كجم × سعر كجم سبتمبر بدون تكلفة تعبئة (غير محددة بالوصفة) | مؤقت: الوصفة تستخدم مفروم الفراخ بسعر أغسطس لحين حسم الفاتورة
A36: عجينة سجق ابوهاشم 3ك | B36: 0 | C36: 256.8435 | D36: =ROUND(3*'سعر الكجم من الوصفات'!F4+9.23,4) | E36: =IF(OR(C36="",D36=""),"",D36/C36-1) | F36: =IF(D36="","",B36*D36) | G36: من وصفة «سجق ابوهاشم»: 3 كجم × سعر كجم سبتمبر + تعبئة 9.23 ج.م | مؤقت: الوصفة تستخدم مفروم الفراخ بسعر أغسطس لحين حسم الفاتورة
A37: كبده 500 | B37: 0 | E37: =IF(OR(C37="",D37=""),"",D37/C37-1) | F37: =IF(D37="","",B37*D37) | G37: بلا وصفة ولا سعر سابق — يلزم توفير سعره
A38: سجق الهنا 700 | B38: 126 | C38: 22.5393 | D38: =ROUND(0.7*'سعر الكجم من الوصفات'!F10+5.99,4) | E38: =IF(OR(C38="",D38=""),"",D38/C38-1) | F38: =IF(D38="","",B38*D38) | G38: من وصفة «سجق الهنا»: 0.7 كجم × سعر كجم سبتمبر + تعبئة 5.99 ج.م | مؤقت: الوصفة تستخدم مفروم الفراخ بسعر أغسطس لحين حسم الفاتورة
A39: سجق الهنا 300 | B39: 875 | C39: 11.7226 | D39: =ROUND(0.3*'سعر الكجم من الوصفات'!F10+4.63,4) | E39: =IF(OR(C39="",D39=""),"",D39/C39-1) | F39: =IF(D39="","",B39*D39) | G39: من وصفة «سجق الهنا»: 0.3 كجم × سعر كجم سبتمبر + تعبئة 4.63 ج.م | مؤقت: الوصفة تستخدم مفروم الفراخ بسعر أغسطس لحين حسم الفاتورة
A40: كفته الهنا 800 | B40: 1633 | C40: 24.9863 | D40: =ROUND(0.8*'سعر الكجم من الوصفات'!F12+6.08,4) | E40: =IF(OR(C40="",D40=""),"",D40/C40-1) | F40: =IF(D40="","",B40*D40) | G40: من وصفة «كفته الهنا»: 0.8 كجم × سعر كجم سبتمبر + تعبئة 6.08 ج.م | مؤقت: الوصفة تستخدم مفروم الفراخ بسعر أغسطس لحين حسم الفاتورة
A41: كفته الهنا 350 | B41: 1513 | C41: 13.447 | D41: =ROUND(0.35*'سعر الكجم من الوصفات'!F12+5.18,4) | E41: =IF(OR(C41="",D41=""),"",D41/C41-1) | F41: =IF(D41="","",B41*D41) | G41: من وصفة «كفته الهنا»: 0.35 كجم × سعر كجم سبتمبر + تعبئة 5.18 ج.م | مؤقت: الوصفة تستخدم مفروم الفراخ بسعر أغسطس لحين حسم الفاتورة
A42: برجر الهنا 800 | B42: 0 | C42: 19.3735 | D42: =ROUND(0.8*'سعر الكجم من الوصفات'!F11+0,4) | E42: =IF(OR(C42="",D42=""),"",D42/C42-1) | F42: =IF(D42="","",B42*D42) | G42: من وصفة «برجر الهنا»: 0.8 كجم × سعر كجم سبتمبر بدون تكلفة تعبئة (غير محددة بالوصفة) | مؤقت: الوصفة تستخدم مفروم الفراخ بسعر أغسطس لحين حسم الفاتورة
A43: برجر الهنا 900 | B43: 1187 | C43: 28.4251 | D43: =ROUND(0.9*'سعر الكجم من الوصفات'!F11+6.63,4) | E43: =IF(OR(C43="",D43=""),"",D43/C43-1) | F43: =IF(D43="","",B43*D43) | G43: من وصفة «برجر الهنا»: 0.9 كجم × سعر كجم سبتمبر + تعبئة 6.63 ج.م | مؤقت: الوصفة تستخدم مفروم الفراخ بسعر أغسطس لحين حسم الفاتورة
A44: برجر الهنا 350 | B44: 1183 | C44: 8.4759 | D44: =ROUND(0.35*'سعر الكجم من الوصفات'!F11+0,4) | E44: =IF(OR(C44="",D44=""),"",D44/C44-1) | F44: =IF(D44="","",B44*D44) | G44: من وصفة «برجر الهنا»: 0.35 كجم × سعر كجم سبتمبر بدون تكلفة تعبئة (غير محددة بالوصفة) | مؤقت: الوصفة تستخدم مفروم الفراخ بسعر أغسطس لحين حسم الفاتورة
A45: سجق الهنا 3 ك | B45: 0 | C45: 70.9258 | D45: =ROUND(3*'سعر الكجم من الوصفات'!F10+0,4) | E45: =IF(OR(C45="",D45=""),"",D45/C45-1) | F45: =IF(D45="","",B45*D45) | G45: من وصفة «سجق الهنا»: 3 كجم × سعر كجم سبتمبر بدون تكلفة تعبئة (غير محددة بالوصفة) | مؤقت: الوصفة تستخدم مفروم الفراخ بسعر أغسطس لحين حسم الفاتورة
A46: سجق الهنا 5 ك | B46: 15 | C46: 134.2696 | D46: =ROUND(5*'سعر الكجم من الوصفات'!F10+16.06,4) | E46: =IF(OR(C46="",D46=""),"",D46/C46-1) | F46: =IF(D46="","",B46*D46) | G46: من وصفة «سجق الهنا»: 5 كجم × سعر كجم سبتمبر + تعبئة 16.06 ج.م | مؤقت: الوصفة تستخدم مفروم الفراخ بسعر أغسطس لحين حسم الفاتورة
A47: بانيه 700 | B47: 0 | E47: =IF(OR(C47="",D47=""),"",D47/C47-1) | F47: =IF(D47="","",B47*D47) | G47: بلا وصفة ولا سعر سابق — يلزم توفير سعره
A48: بانيه 800 | B48: 2 | C48: 49.1199 | D48: 49.1199 | E48: =IF(OR(C48="",D48=""),"",D48/C48-1) | F48: =IF(D48="","",B48*D48) | G48: خارج الوصفات التسع — آخر سعر متاح (أغسطس، ملف «-2»): من «خلطة بانيه 28-8-2026.pdf»: 51.86862 × 0.8 كجم = 41.4949 + تغليف 6.25 + عمولة 1.375
A49: بانيه 900 | B49: 0 | C49: 54.4318 | D49: 54.4318 | E49: =IF(OR(C49="",D49=""),"",D49/C49-1) | F49: =IF(D49="","",B49*D49) | G49: خارج الوصفات التسع — آخر سعر متاح (أغسطس، ملف «-2»): من «خلطة بانيه 28-8-2026.pdf»: 51.86862 × 0.9 كجم = 46.6818 + تغليف 6.25 + عمولة 1.5 | صنف
A50: عجينه سجق هنا 5ك | B50: 0 | C50: 134.2696 | D50: =ROUND(5*'سعر الكجم من الوصفات'!F10+16.06,4) | E50: =IF(OR(C50="",D50=""),"",D50/C50-1) | F50: =IF(D50="","",B50*D50) | G50: من وصفة «سجق الهنا»: 5 كجم × سعر كجم سبتمبر + تعبئة 16.06 ج.م | مؤقت: الوصفة تستخدم مفروم الفراخ بسعر أغسطس لحين حسم الفاتورة
A51: سجق الهنا عرض 200ج | B51: 0 | C51: 4.7284 | D51: =ROUND(0.2*'سعر الكجم من الوصفات'!F10+0,4) | E51: =IF(OR(C51="",D51=""),"",D51/C51-1) | F51: =IF(D51="","",B51*D51) | G51: من وصفة «سجق الهنا»: 0.2 كجم × سعر كجم سبتمبر بدون تكلفة تعبئة (غير محددة بالوصفة) | مؤقت: الوصفة تستخدم مفروم الفراخ بسعر أغسطس لحين حسم الفاتورة
A52: برجر الهنا عرض 300ج | B52: 0 | C52: 7.2651 | D52: =ROUND(0.3*'سعر الكجم من الوصفات'!F11+0,4) | E52: =IF(OR(C52="",D52=""),"",D52/C52-1) | F52: =IF(D52="","",B52*D52) | G52: من وصفة «برجر الهنا»: 0.3 كجم × سعر كجم سبتمبر بدون تكلفة تعبئة (غير محددة بالوصفة) | مؤقت: الوصفة تستخدم مفروم الفراخ بسعر أغسطس لحين حسم الفاتورة
A53: كفتة الهنا عرض 200ج | B53: 0 | C53: 4.7266 | D53: =ROUND(0.2*'سعر الكجم من الوصفات'!F12+0,4) | E53: =IF(OR(C53="",D53=""),"",D53/C53-1) | F53: =IF(D53="","",B53*D53) | G53: من وصفة «كفته الهنا»: 0.2 كجم × سعر كجم سبتمبر بدون تكلفة تعبئة (غير محددة بالوصفة) | مؤقت: الوصفة تستخدم مفروم الفراخ بسعر أغسطس لحين حسم الفاتورة
A54: استبربس SP 900 | B54: 21 | C54: 130.7381 | D54: 130.7381 | E54: =IF(OR(C54="",D54=""),"",D54/C54-1) | F54: =IF(D54="","",B54*D54) | G54: خارج الوصفات التسع — آخر سعر متاح (أغسطس، ملف «-2»): من «خلطه استربس 28-8-2026.pdf»: 137.12570 × 0.9 كجم = 123.4131 + تغليف 3.2 + عمولة 4.125
A55: عرض ثلاثي الهنا<سجق برجر كفته > | B55: 0 | E55: =IF(OR(C55="",D55=""),"",D55/C55-1) | F55: =IF(D55="","",B55*D55) | G55: بلا وصفة ولا سعر سابق — يلزم توفير سعره
A56: برجر اسبيشيال1ك | B56: 370 | C56: 30.3329 | D56: =ROUND(1*'سعر الكجم من الوصفات'!F7+6.7,4) | E56: =IF(OR(C56="",D56=""),"",D56/C56-1) | F56: =IF(D56="","",B56*D56) | G56: من وصفة «برجر اسبشيال»: 1 كجم × سعر كجم سبتمبر + تعبئة 6.70 ج.م | مؤقت: الوصفة تستخدم مفروم الفراخ بسعر أغسطس لحين حسم الفاتورة
A57: برجر اسبيشيال 400 | B57: 541 | C57: 14.9532 | D57: =ROUND(0.4*'سعر الكجم من الوصفات'!F7+5.5,4) | E57: =IF(OR(C57="",D57=""),"",D57/C57-1) | F57: =IF(D57="","",B57*D57) | G57: من وصفة «برجر اسبشيال»: 0.4 كجم × سعر كجم سبتمبر + تعبئة 5.50 ج.م | مؤقت: الوصفة تستخدم مفروم الفراخ بسعر أغسطس لحين حسم الفاتورة
A58: كفته اسبيشيال 900 | B58: 1507 | C58: 35.1965 | D58: =ROUND(0.9*'سعر الكجم من الوصفات'!F9+7.2,4) | E58: =IF(OR(C58="",D58=""),"",D58/C58-1) | F58: =IF(D58="","",B58*D58) | G58: من وصفة «كفته اسبشيال»: 0.9 كجم × سعر كجم سبتمبر + تعبئة 7.20 ج.م | مؤقت: الوصفة تستخدم مفروم الفراخ بسعر أغسطس لحين حسم الفاتورة
A59: كفته اسبيشيال 350 | B59: 541 | C59: 16.3875 | D59: =ROUND(0.35*'سعر الكجم من الوصفات'!F9+5.5,4) | E59: =IF(OR(C59="",D59=""),"",D59/C59-1) | F59: =IF(D59="","",B59*D59) | G59: من وصفة «كفته اسبشيال»: 0.35 كجم × سعر كجم سبتمبر + تعبئة 5.50 ج.م | مؤقت: الوصفة تستخدم مفروم الفراخ بسعر أغسطس لحين حسم الفاتورة
A60: سجق اسبيشيال 700 | B60: 19 | C60: 24.4105 | D60: =ROUND(0.7*'سعر الكجم من الوصفات'!F8+7.2,4) | E60: =IF(OR(C60="",D60=""),"",D60/C60-1) | F60: =IF(D60="","",B60*D60) | G60: من وصفة «سجق اسبشيال»: 0.7 كجم × سعر كجم سبتمبر + تعبئة 7.20 ج.م | مؤقت: الوصفة تستخدم مفروم الفراخ بسعر أغسطس لحين حسم الفاتورة
A61: سجق اسبيشيال300 | B61: 73 | C61: 12.5759 | D61: =ROUND(0.3*'سعر الكجم من الوصفات'!F8+5.2,4) | E61: =IF(OR(C61="",D61=""),"",D61/C61-1) | F61: =IF(D61="","",B61*D61) | G61: من وصفة «سجق اسبشيال»: 0.3 كجم × سعر كجم سبتمبر + تعبئة 5.20 ج.م | مؤقت: الوصفة تستخدم مفروم الفراخ بسعر أغسطس لحين حسم الفاتورة
A62: بانيه اسبيشيال900 | B62: 285 | C62: 54.4318 | D62: 54.4318 | E62: =IF(OR(C62="",D62=""),"",D62/C62-1) | F62: =IF(D62="","",B62*D62) | G62: خارج الوصفات التسع — آخر سعر متاح (أغسطس، ملف «-2»): من «خلطة بانيه 28-8-2026.pdf»: 51.86862 × 0.9 كجم = 46.6818 + تغليف 6.25 + عمولة 1.5
A63: بانيه اسبيشيال 800 | B63: 0 | C63: 49.1199 | D63: 49.1199 | E63: =IF(OR(C63="",D63=""),"",D63/C63-1) | F63: =IF(D63="","",B63*D63) | G63: خارج الوصفات التسع — آخر سعر متاح (أغسطس، ملف «-2»): من «خلطة بانيه 28-8-2026.pdf»: 51.86862 × 0.8 كجم = 41.4949 + تغليف 6.25 + عمولة 1.375 | ص
A64: بانيه اسبيشيال حار800 | B64: 0 | C64: 49.1199 | D64: 49.1199 | E64: =IF(OR(C64="",D64=""),"",D64/C64-1) | F64: =IF(D64="","",B64*D64) | G64: خارج الوصفات التسع — آخر سعر متاح (أغسطس، ملف «-2»): من «خلطة بانيه 28-8-2026.pdf»: 51.86862 × 0.8 كجم = 41.4949 + تغليف 6.25 + عمولة 1.375 | ص
A65: سجق اسبشيال 5ك | B65: 0 | C65: 136.9321 | D65: =ROUND(5*'سعر الكجم من الوصفات'!F8+14,4) | E65: =IF(OR(C65="",D65=""),"",D65/C65-1) | F65: =IF(D65="","",B65*D65) | G65: من وصفة «سجق اسبشيال»: 5 كجم × سعر كجم سبتمبر + تعبئة 14.00 ج.م | مؤقت: الوصفة تستخدم مفروم الفراخ بسعر أغسطس لحين حسم الفاتورة
A66: استبربس 800 | B66: 0 | E66: =IF(OR(C66="",D66=""),"",D66/C66-1) | F66: =IF(D66="","",B66*D66) | G66: بلا وصفة ولا سعر سابق — يلزم توفير سعره
A67: مفروم اسبيشيال 400 | B67: 0 | E67: =IF(OR(C67="",D67=""),"",D67/C67-1) | F67: =IF(D67="","",B67*D67) | G67: بلا وصفة ولا سعر سابق — يلزم توفير سعره
A68: عجينه بقري اسبيشيال 5 كيلو | B68: 16 | C68: 390 | D68: 390 | E68: =IF(OR(C68="",D68=""),"",D68/C68-1) | F68: =IF(D68="","",B68*D68) | G68: خارج الوصفات التسع — آخر سعر متاح (أغسطس، ملف «-2»): خارج نطاق الوصفات التسع — سعر يوليو مُبقًى دون تحديث
A69: عجينه مفروم صويا | B69: 0 | E69: =IF(OR(C69="",D69=""),"",D69/C69-1) | F69: =IF(D69="","",B69*D69) | G69: بلا وصفة ولا سعر سابق — يلزم توفير سعره
A70: كبده اسبيشيال 400 | B70: 0 | E70: =IF(OR(C70="",D70=""),"",D70/C70-1) | F70: =IF(D70="","",B70*D70) | G70: بلا وصفة ولا سعر سابق — يلزم توفير سعره
A71: برجر مخصوص | B71: 0 | E71: =IF(OR(C71="",D71=""),"",D71/C71-1) | F71: =IF(D71="","",B71*D71) | G71: بلا وصفة ولا سعر سابق — يلزم توفير سعره
A72: كفتة مخصوص | B72: 0 | E72: =IF(OR(C72="",D72=""),"",D72/C72-1) | F72: =IF(D72="","",B72*D72) | G72: بلا وصفة ولا سعر سابق — يلزم توفير سعره
A73: سجق مخصوص 1ك | B73: 0 | E73: =IF(OR(C73="",D73=""),"",D73/C73-1) | F73: =IF(D73="","",B73*D73) | G73: بلا وصفة ولا سعر سابق — يلزم توفير سعره
A74: عرض ثلاثي <سجق برجر كفته 700جرام> | B74: 0 | E74: =IF(OR(C74="",D74=""),"",D74/C74-1) | F74: =IF(D74="","",B74*D74) | G74: بلا وصفة ولا سعر سابق — يلزم توفير سعره
A75: عجينه بقري اسبيشيال 500جرام | B75: 0 | E75: =IF(OR(C75="",D75=""),"",D75/C75-1) | F75: =IF(D75="","",B75*D75) | G75: بلا وصفة ولا سعر سابق — يلزم توفير سعره
A76: بانيه 5كيلو حار | B76: 0 | E76: =IF(OR(C76="",D76=""),"",D76/C76-1) | F76: =IF(D76="","",B76*D76) | G76: بلا وصفة ولا سعر سابق — يلزم توفير سعره
A77: عجينة بقرى 250ج | B77: 0 | E77: =IF(OR(C77="",D77=""),"",D77/C77-1) | F77: =IF(D77="","",B77*D77) | G77: بلا وصفة ولا سعر سابق — يلزم توفير سعره
A78: مفروم صافى 5ك | B78: 0 | E78: =IF(OR(C78="",D78=""),"",D78/C78-1) | F78: =IF(D78="","",B78*D78) | G78: بلا وصفة ولا سعر سابق — يلزم توفير سعره
A79: موزة فرخة | B79: 0 | E79: =IF(OR(C79="",D79=""),"",D79/C79-1) | F79: =IF(D79="","",B79*D79) | G79: بلا وصفة ولا سعر سابق — يلزم توفير سعره
A80: بانيه بارد دوفا | B80: 0 | E80: =IF(OR(C80="",D80=""),"",D80/C80-1) | F80: =IF(D80="","",B80*D80) | G80: بلا وصفة ولا سعر سابق — يلزم توفير سعره
... A94: خام عجينة سجق الهنا | B94: 0 | E94: =IF(OR(C94="",D94=""),"",D94/C94-1) | F94: =IF(D94="","",B94*D94) | G94: بلا وصفة ولا سعر سابق — يلزم توفير سعره
A95: كفته أبو هاشم 2 ك | B95: 0 | D95: =ROUND(2*'سعر الكجم من الوصفات'!F5+0,4) | E95: =IF(OR(C95="",D95=""),"",D95/C95-1) | F95: =IF(D95="","",B95*D95) | G95: من وصفة «كفته ابوهاشم»: 2 كجم × سعر كجم سبتمبر بدون تكلفة تعبئة (غير محددة بالوصفة) | مؤقت: الوصفة تستخدم مفروم الفراخ بسعر أغسطس لحين حسم الفاتورة
A96: لحمة قطع كيلو أبو هاشم | B96: 0 | E96: =IF(OR(C96="",D96=""),"",D96/C96-1) | F96: =IF(D96="","",B96*D96) | G96: بلا وصفة ولا سعر سابق — يلزم توفير سعره
A97: كبده اسبيشيال 3 ك | B97: 0 | E97: =IF(OR(C97="",D97=""),"",D97/C97-1) | F97: =IF(D97="","",B97*D97) | G97: بلا وصفة ولا سعر سابق — يلزم توفير سعره
A98: بفتيك 600 | B98: 0 | E98: =IF(OR(C98="",D98=""),"",D98/C98-1) | F98: =IF(D98="","",B98*D98) | G98: بلا وصفة ولا سعر سابق — يلزم توفير سعره
A99: عجينة كفته الهنا الـ5 ك | B99: 0 | C99: 132.4243 | D99: =ROUND(5*'سعر الكجم من الوصفات'!F12+14.26,4) | E99: =IF(OR(C99="",D99=""),"",D99/C99-1) | F99: =IF(D99="","",B99*D99) | G99: من وصفة «كفته الهنا»: 5 كجم × سعر كجم سبتمبر + تعبئة 14.26 ج.م | مؤقت: الوصفة تستخدم مفروم الفراخ بسعر أغسطس لحين حسم الفاتورة
A100: عجينة بقري 1 ك | B100: 0 | E100: =IF(OR(C100="",D100=""),"",D100/C100-1) | F100: =IF(D100="","",B100*D100) | G100: بلا وصفة ولا سعر سابق — يلزم توفير سعره
A101: عجينة بقري 3 ك | B101: 0 | E101: =IF(OR(C101="",D101=""),"",D101/C101-1) | F101: =IF(D101="","",B101*D101) | G101: بلا وصفة ولا سعر سابق — يلزم توفير سعره
A102: استبربس GB 2 | B102: 0 | C102: 100 | D102: 100 | E102: =IF(OR(C102="",D102=""),"",D102/C102-1) | F102: =IF(D102="","",B102*D102) | G102: خارج الوصفات التسع — آخر سعر متاح (أغسطس، ملف «-2»): خارج نطاق الوصفات التسع — سعر يوليو مُبقًى دون تحديث
A103: استربس الهنا 900 | B103: 0 | D103: 136 | E103: =IF(OR(C103="",D103=""),"",D103/C103-1) | F103: =IF(D103="","",B103*D103) | G103: خارج الوصفات التسع — آخر سعر متاح (يوليو)
A104: بانيه 1 ك | B104: 0 | C104: 51.8686 | D104: 51.8686 | E104: =IF(OR(C104="",D104=""),"",D104/C104-1) | F104: =IF(D104="","",B104*D104) | G104: خارج الوصفات التسع — آخر سعر متاح (أغسطس، ملف «-2»): سعر كيلو الخلطة كما هو بملف «خلطة بانيه 28-8-2026.pdf» (بلا تغليف أو عمولة) | صنف لم يكن م
A105: استربس 1kg | B105: 0 | C105: 137.1257 | D105: 137.1257 | E105: =IF(OR(C105="",D105=""),"",D105/C105-1) | F105: =IF(D105="","",B105*D105) | G105: خارج الوصفات التسع — آخر سعر متاح (أغسطس، ملف «-2»): سعر كيلو الخلطة كما هو بملف «خلطه استربس 28-8-2026.pdf» (بلا تغليف أو عمولة) | صنف لم يكن | نفس صنف «استربس 1 ك»
A107: إجمالى قيمة مخزون المنتج التام آخر سبتمبر (الأصناف المُسعّرة) | F107: =SUM(F4:F105)
A109: إجمالى قيمة المخزون الكلى آخر سبتمبر (خامات + منتج تام) | F109: =F107+'احتساب متوسط سبتمبر'!L171

Sheet الفراخ المفرومة (معلّق)
A1: صنفا الفراخ المفرومة — بيانات شراء متعارضة (السعر بملف سبتمبر تُرك كما هو)
A3: القراءة | B3: مفروم فراخ شعبي | C3: مفروم فراخ فاخر
A4: متوسط سبتمبر — كما سُجّلت بالتقرير | B4: 35.6294 | C4: 50.3771
A5: متوسط سبتمبر — باستبعاد الفاتورة 1111115217 | B5: 32.1107 | C5: 58.2481
A6: متوسط سبتمبر — بعكس سعرَى الفاتورة (C=30، A=57) | B6: 31.8123 | C6: 57.9003
A7: متوسط أغسطس (للمقارنة) | B7: 28.386 | C7: 55.082
A8: السعر الموجود بملف سبتمبر (تُرك) | B8: 30 | C8: 60
A9: كمية جرد 30/9 | B9: 860 | C9: 370
A11: فاتورة 1111115217 (09/09): «مفروم فراخ C» 1,500 كجم بسعر 57 بينما نطاق الرتبة C 30–35، وفى نفس الفاتورة «مفروم فراخ A» بسعر 30 بينما نطاق A 55–60 — السعران يبدوان معكوسين

Sheet المطابقة
A1: المطابقة النهائية — كل فحص يجب أن يكون الفرق صفرًا
A3: الفحص | B3: القيمة المحسوبة | C3: القيمة المرجعية | D3: الفرق | E3: النتيجة
A4: إجمالى أسطر مشتريات سبتمبر = الإجمالى المطبوع بالتقرير | B4: ='مشتريات سبتمبر التفصيلية'!H94 | C4: ='مشتريات سبتمبر التفصيلية'!H95 | D4: =B4-C4 | E4: =IF(ABS(D4)<=0.005,"✔ مطابق","✘ فرق")
A5: المشتريات المحمّلة على الأصناف + المجمّع + المستبعدة = إجمالى المشتريات | B5: ='احتساب متوسط سبتمبر'!F171+'احتساب متوسط سبتمبر'!F174+'مشتريات سبتمبر التفصيلية'!H96 | C5: ='مشتريات سبتمبر التفصيلية'!H94 | D5: =B5-C5 | E5: =IF(ABS(D5)<=0.005,"✔ مطابق","✘ فرق")
A6: قيمة أول المدة بورقة الاحتساب = قيمة أصناف جرد 31/8 المنقولة لسبتمبر | B6: ='احتساب متوسط سبتمبر'!D171 | C6: =N('رصيد أول المدة (31-8)'!F5)+N('رصيد أول المدة (31-8)'!F6)+N('رصيد أول المدة (31-8)'!F7)+N('رصيد أول المدة (31-8)'!F8)+N('رصيد أول المدة (31-8)'!F9)+N('رصيد أول المدة (31-8)'!F10)+N('رصيد أول المدة (31-8)'!F11)+N('رصيد أول المدة (31-8)'!F12)+N('رصيد أول المدة (31-8)'!F13)+N('رصيد أول المدة (31-8)'!F14)+N('رصيد أول المدة (31-8)'!F15)+N('رصيد أول المدة (31-8)'!F16)+N('رصيد أول المدة (31-8)'!F17)+N('رصيد أول المدة (31-8)'!F18)+N('رصيد أول المدة (31-8)'!F19)+N('رصيد أول المدة (31-8)'!F20)+N('رصيد أول المدة (31-8)'!F21)+N('رصيد أول المدة (31-8)'!F22)+N('رصيد أول المدة (31-8)'!F23)+N('رصيد أول المدة (31-8)'!F24)+N('رصيد أول المدة (31-8)'!F25)+N('رصيد أول المدة (31-8)'!F26)+N('رصيد أول المدة (31-8)'!F27)+N('رصيد أول المدة (31-8)'!F28)+N('رصيد أول المدة (31-8)'!F29)+N('رصيد أول المدة (31-8)'!F30)+N('رصيد أول المدة (31-8)'!F31)+N('رصيد أول المدة (31-8)'!F32)+N('رصيد أول المدة (31-8)'!F33)+N('رصيد أول المدة (31-8)'!F34)+N('رصيد أول المدة (31-8)'!F35)+N('رصيد أول المدة (31-8)'!F36)+N('رصيد أول المدة (31-8)'!F37)+N('رصيد أول المدة (31-8)'!F38)+N('رصيد أول المدة (31-8)'!F39)+N('رصيد أول المدة (31-8)'!F40)+N('رصيد أول المدة (31-8)'!F41)+N('رصيد أول المدة (31-8)'!F42)+N('رصيد أول المدة (31-8)'!F43)+N('رصيد أول المدة (31-8)'!F44)+N('رصيد أول المدة (31-8)'!F45)+N('رصيد أول المدة (31-8)'!F46)+N('رصيد أول المدة (31-8)'!F47)+N('رصيد أول المدة (31-8)'!F48)+N('رصيد أول المدة (31-8)'!F49)+N('رصيد أول المدة (31-8)'!F50)+N('رصيد أول المدة (31-8)'!F51)+N('رصيد أول المدة (31-8)'!F52)+N('رصيد أول المدة (31-8)'!F53)+N('رصيد أول المدة (31-8)'!F54)+N('رصيد أول المدة (31-8)'!F55)+N('رصيد أول المدة (31-8)'!F56)+N('رصيد أول المدة (31-8)'!F57)+N('رصيد أول المدة (31-8)'!F58)+N('رصيد أول المدة (31-8)'!F59)+N('رصيد أول المدة (31-8)'!F60)+N('رصيد أول المدة (31-8)'!F61)+N('رصيد أول المدة (31-8)'!F62)+N('رصيد أول المدة (31-8)'!F63)+N('رصيد أول المدة (31-8)'!F64)+N('رصيد أول المدة (31-8)'!F65)+N('رصيد أول المدة (31-8)'!F66)+N('رصيد أول المدة (31-8)'!F67)+N('رصيد أول المدة (31-8)'!F68)+N('رصيد أول المدة (31-8)'!F69)+N('رصيد أول المدة (31-8)'!F70)+N('رصيد أول المدة (31-8)'!F71)+N('رصيد أول المدة (31-8)'!F72)+N('رصيد أول المدة (31-8)'!F73)+N('رصيد أول المدة (31-8)'!F74)+N('رصيد أول المدة (31-8)'!F75)+N('رصيد أول المدة (31-8)'!F76)+N('رصيد أول المدة (31-8)'!F77)+N('رصيد أول المدة (31-8)'!F78)+N('رصيد أول المدة (31-8)'!F79)+N('رصيد أول المدة (31-8)'!F80)+N('رصيد أول المدة (31-8)'!F81)+N('رصيد أول المدة (31-8)'!F82)+N('رصيد أول المدة (31-8)'!F83)+N('رصيد أول المدة (31-8)'!F84)+N('رصيد أول المدة (31-8)'!F85)+N('رصيد أول المدة (31-8)'!F86)+N('رصيد أول المدة (31-8)'!F87)+N('رصيد أول المدة (31-8)'!F88)+N('رصيد أول المدة (31-8)'!F89)+N('رصيد أول المدة (31-8)'!F90)+N('رصيد أول المدة (31-8)'!F91)+N('رصيد أول المدة (31-8)'!F92)+N('رصيد أول المدة (31-8)'!F93)+N('رصيد أول المدة (31-8)'!F94)+N('رصيد أول المدة (31-8)'!F95)+N('رصيد أول المدة (31-8)'!F96)+N('رصيد أول المدة (31-8)'!F97)+N('رصيد أول المدة (31-8)'!F98)+N('رصيد أول المدة (31-8)'!F99)+N('رصيد أول المدة (31-8)'!F100)+N('رصيد أول المدة (31-8)'!F101)+N('رصيد أول المدة (31-8)'!F102)+N('رصيد أول المدة (31-8)'!F103)+N('رصيد أول المدة (31-8)'!F104)+N('رصيد أول المدة (31-8)'!F105)+N('رصيد أول المدة (31-8)'!F106)+N('رصيد أول المدة (31-8)'!F107)+N('رصيد أول المدة (31-8)'!F108)+N('رصيد أول المدة (31-8)'!F109)+N('رصيد أول المدة (31-8)'!F110)+N('رصيد أول المدة (31-8)'!F111)+N('رصيد أول المدة (31-8)'!F112)+N('رصيد أول المدة (31-8)'!F113)+N('رصيد أول المدة (31-8)'!F143)+N('رصيد أول المدة (31-8)'!F114)+N('رصيد أول المدة (31-8)'!F115)+N('رصيد أول المدة (31-8)'!F116)+N('رصيد أول المدة (31-8)'!F117)+N('رصيد أول المدة (31-8)'!F118)+N('رصيد أول المدة (31-8)'!F119)+N('رصيد أول المدة (31-8)'!F120)+N('رصيد أول المدة (31-8)'!F121)+N('رصيد أول المدة (31-8)'!F123)+N('رصيد أول المدة (31-8)'!F124)+N('رصيد أول المدة (31-8)'!F125)+N('رصيد أول المدة (31-8)'!F126)+N('رصيد أول المدة (31-8)'!F127)+N('رصيد أول المدة (31-8)'!F128)+N('رصيد أول المدة (31-8)'!F129)+N('رصيد أول المدة (31-8)'!F130)+N('رصيد أول المدة (31-8)'!F131)+N('رصيد أول المدة (31-8)'!F132)+N('رصيد أول المدة (31-8)'!F133)+N('رصيد أول المدة (31-8)'!F134)+N('رصيد أول المدة (31-8)'!F135)+N('رصيد أول المدة (31-8)'!F136)+N('رصيد أول المدة (31-8)'!F137)+N('رصيد أول المدة (31-8)'!F138)+N('رصيد أول المدة (31-8)'!F140)+N('رصيد أول المدة (31-8)'!F139)+N('رصيد أول المدة (31-8)'!F146)+N('رصيد أول المدة (31-8)'!F151)+N('رصيد أول المدة (31-8)'!F147)+N('رصيد أول المدة (31-8)'!F148)+N('رصيد أول المدة (31-8)'!F149)+N('رصيد أول المدة (31-8)'!F150)+N('رصيد أول المدة (31-8)'!F141)+N('رصيد أول المدة (31-8)'!F142)+N('رصيد أول المدة (31-8)'!F144)+N('رصيد أول المدة (31-8)'!F152)+N('رصيد أول المدة (31-8)'!F145) | D6: =B6-C6 | E6: =IF(ABS(D6)<=0.005,"✔ مطابق","✘ فرق")
A7: قيمة مخزون الخامات 30/9 = Σ (كمية جرد 30/9 × السعر المُدخل بالملف) | B7: ='احتساب متوسط سبتمبر'!L171 | C7: =SUMPRODUCT('احتساب متوسط سبتمبر'!K5:K169,'احتساب متوسط سبتمبر'!J5:J169) | D7: =B7-C7 | E7: =IF(ABS(D7)<=0.01,"✔ مطابق","✘ فرق")
A8: أسعار ملف «تسعير جرد اخر شهر ٩» = الاحتساب المستقل (عدد الأصناف) | B8: 165 | C8: 165 | D8: 0 | E8: ✔ مطابق
A9: قيمة مخزون الخامات بملف سبتمبر بعد إعادة الاحتساب (Σ عمود القيمة) | B9: 2202045.1 | C9: 2202045.1 | D9: 0 | E9: ✔ مطابق
A10: قيمة جرد 31/8 المعدَّل × متوسط أغسطس = إجمالى ملف «-2» + أثر فروق الكميات بينهما (-19,014.85، أغلبه «زيت سيارات» 2 بالجرد مقابل 16 بملف «-2») | B10: 2642846.2 | C10: 2642846.2 | D10: 0.0099999998 | E10: ✔ مطابق
A11: أصناف جرد 31/8 ذات قيمة غير موجودة بجرد سبتمبر (قيمة) | B11: 0 | C11: 0 | D11: 0 | E11: ✔ مطابق

Sheet المنهجية والاستثناءات
A1: المنهجية، الافتراضات، والاستثناءات — سبتمبر 2026
A3: نطاق العمل | B3: متوسط التكلفة المرجّح (WAC) للخامات فقط — لم تُستخدم FIFO / LIFO / التكلفة المعيارية.
A4: المعادلة | B4: متوسط سبتمبر = (كمية جرد 31/8 × متوسط أغسطس + قيمة مشتريات سبتمبر) ÷ (كمية جرد 31/8 + كمية مشتريات سبتمبر). يُحتسب بالدقة الكاملة ويُقرَّب السعر المُدخل لأربعة أرقام عشرية.
A5: رصيد أول المدة | B5: الجرد الفعلى المعدَّل «جر د شهر 8.xlsx» (مجموع المواقع الخمسة) × متوسط أغسطس المُعاد احتسابه من مصادره؛ طوبق السعر مع ملف «تسعير جرد اخر شهر ٨ -2» لكل صنف مشترك (لا فرق).
A6: المشتريات | B6: تقرير المشتريات 01/09–30/09/2026: 89 سطرًا، الإجمالى مطابق للمطبوع. قيمة الشراء = «الإجمالى» بالفاتورة (7 أسطر بها فرق تقريب بين الكمية × السعر والإجمالى). المحمَّل على الأصناف 2,197,994.05 ج.م.
A7: ربط الأكواد | B7: الكود المستخدم فى يوليو/أغسطس يُربط بنفس الصنف؛ الأكواد الجديدة رُبطت بالاسم ونطاق السعر بدرجة ثقة مُسجّلة. مجمّع اللحوم الهندى متوسط واحد للبنود الأربعة.
A8: أصناف معلّقة | B8: صنفا الفراخ المفرومة (شعبي/فاخر) تُرك سعرهما بالملف كما هو لتعارض فاتورة 1111115217؛ ثلاث قراءات بديلة بورقة «الفراخ المفرومة (معلّق)». الوصفات تستخدم لهما سعر أغسطس مؤقتًا.
A9: أصناف بلا مشتريات | B9: يبقى سعر أغسطس كما هو. رصيد بلا سعر يُستبعد من البسط والمقام.
A10: ملف سبتمبر | B10: «تسعير جرد اخر شهر ٩ سنة ٢٠٢٦.xlsx» نسخة من «جرد شهر 9.xlsx» تغيّرت فيها خانات السعر فقط (عمود H للخامات و L للمنتج التام)؛ تحقق آلى من عدم تغيّر أى خانة أخرى. أُضيفت تعليقات على الأصناف المعلّقة أو بلا سعر.
A11: المنتج التام | B11: الوزن × سعر كجم الوصفة بأسعار سبتمبر + تكلفة التعبئة؛ الأصناف خارج الوصفات بآخر سعر متاح.
A13: نوع الملاحظة | B13: الصنف / البند | C13: التفصيل
A14: سعر معلّق | B14: مفروم فراخ شعبي | C14: فاتورة 1111115217 (09/09): «مفروم فراخ C» 1,500 كجم بسعر 57 بينما نطاق الرتبة C 30–35، وفى نفس الفاتورة «مفروم فراخ A» بسعر 30 بينما نطاق A 55–60 — السعران يبدوان معكوسين — كما سُجّلت بالتقرير: 35.6294، باستبعاد الفاتورة 1111115217: 32.1107، بعكس سعرَى الفاتورة (C=30، A=57): 31.8123
A15: سعر معلّق | B15: مفروم فراخ فاخر | C15: فاتورة 1111115217 (09/09): «مفروم فراخ A» 450 كجم بسعر 30 بينما نطاق الرتبة A 55–60، وفى نفس الفاتورة «مفروم فراخ C» بسعر 57 — السعران يبدوان معكوسين — كما سُجّلت بالتقرير: 50.3771، باستبعاد الفاتورة 1111115217: 58.2481، بعكس سعرَى الفاتورة (C=30، A=57): 57.9003
A16: ربط بثقة متوسطة | B16: كود 14 «تشكيله هندى امامى» ← @مجمع اللحوم الهندى | C16: نفس ربط الكود فى يوليو: لحوم هندى مجمَّعة: بنود (كتف/رقبه/سن/أرباع) بسعر يونيه موحَّد 253
A17: ربط بثقة متوسطة | B17: كود 40 «علب شفاف» ← علب بلاستيك شفاف | C17: نفس ربط الكود فى يوليو: تطابق اسمى؛ رصيد أول المدة كان بلا سعر ⇒ السعر = سعر الشراء
A18: ربط بثقة متوسطة | B18: كود 409 «طبق شفاف كيلو» ← طبق مسطح 1 ك شفاف | C18: طبق شفاف كيلو = البند الشفاف الوحيد مقاس 1 ك بالجرد؛ بلا سعر سابق — يُراجَع
A19: ربط بثقة متوسطة | B19: كود 51 «صويا مصرى» ← صويا لحمه | C19: نفس ربط الكود فى يوليو: الصويا العامة تُحمَّل على «صويا لحمه» (سعر 32–40 ≈ 39.44) — نفس افتراض ملف يونيه
A20: ربط بثقة متوسطة | B20: كود 344 «فلفل حامى» ← فلفل رومي حامي | C20: فلفل حامى = عائلة الفلفل الحار الوحيدة بالجرد (نفس معالجة «فلفل احمر» كود 187)
A21: شراء بلا مقابل | B21: كود 453 «ببريكا مدخنه» — 5,600.00 ج.م | C21: بابريكا مدخنة صنف مختلف عن «بابريكا» العادية ولا يوجد له بند بالجرد — لم تُحمَّل على أى صنف
A22: سعر شاذ (دخل كما سُجّل) | B22: سطر 58 كود 87 «جلتومات الصوديوم» | C22: نفس ربط الكود فى أغسطس: جلوتامات الصوديوم = «جلتومات/مونوصوديم» بالوصفات؛ سعر 88 مقابل 104.00 ليوليو | ⚠ جلتومات 25 كجم بسعر 132 مقابل 80 لسطر الشراء الآخر
A23: ربط بثقة متوسطة | B23: كود 154 «فلفل اخضر عام عام» ← فلفل بارد | C23: نفس ربط الكود فى يوليو: الفلفل الأخضر غير الحار = «البارد»؛ سعر 12–14 ≈ 14.92 ليونيه
A24: ربط بثقة متوسطة | B24: كود 371 «مفروم فراخ B» ← مفروم فراخ شعبي | C24: الرتبة B غير موجودة بالجرد؛ سعرها 34 داخل نطاق الرتبة C (30–35) فحُمّلت على «شعبي» — يُراجَع
... A39: منتج تام بلا سعر | B39: مفروم ابو هاشم 3 ك — كمية 9.00 | C39: بلا وصفة ولا سعر سابق — يلزم توفير سعره
